ID;Nacionalidad/Región;Edad (años cumplidos). Favor responder en números, evitar responder en letras;¿Con qué género te identificas?;Estado Procesal;¿Conoces el tiempo de tu condena?;Estado Civil;Hijos;¿Cuántos Hijos tienes? Favor responder en números, evitar responder en letras;Lugar de Nacimiento (Departamento);Lugar de Nacimiento (Distrito/Ciudad);Si es de Asunción, especificar el Barrio;¿Usted es jefa de hogar?;¿Donde vivías antes del encierro?;¿Tenías acceso a agua potable en tu vivienda?;¿Tenías acceso a saneamiento (tratamiento de residuos cloacales) en tu vivienda?;¿Tenías acceso a energía eléctrica en tu vivienda?;¿En tu casa se cocina con gas?;¿La casa es de concreto (materiales de construcción)?;¿Con cuántas personas vivías?  Favor responder en números, evitar responder en letras;¿Cuantas piezas/habitaciones tiene tu casa?  Favor responder en números, evitar responder en letras;¿Recibes visitas en el Buen Pastor?;¿De quienes?;¿Tu familia te ayuda económicamente desde que entraste al Buen Pastor?;¿Practicas alguna religión?;¿Participas de las actividades de corazón libre?;¿Sabes leer y escribir?;¿En qué idioma hablas en la mayor parte del día?;¿ Cuál es el nivel de educación más alto que alcanzaste/alcanzó antes del encierro?;¿ Cuál es el nivel de educación más alto que alcanzaste/alcanzó dentro del penal?;¿Querés seguir estudiando dentro del penal?;¿Qué te gustaría estudiar dentro del penal?;¿Utilizaste alguna vez una cuenta bancaria?;¿Utilizaste alguna vez una billetera electrónica? (giros,  tigo money, billetera personal, etc);¿Cuál era tu estado laboral antes de ingresar al Buen Pastor?;Si estabas ocupada, en qué rama trabajabas?;Si estabas ocupada, en qué categoría trabajabas?;¿Aportaste previamente a una caja de jubilación?;¿Llegaste a tener RUC y pagar impuestos?;¿Cuánto ganabas al trabajar? Salario mínimo actual: G. 2.550.307;Actualmente, ¿realizas alguna ocupación en el Buen Pastor?;¿Qué trabajo realizas?;¿Cuánto gana con su trabajo en el Buen Pastor? Salario mínimo actual: G. 2.550.307;¿El dinero ganado te alcanza para gastos básicos y más?;¿Actualmente posee una cuenta bancaria o billetera electrónica?;¿Envía dinero a su familia?;¿Con qué medio envía ese dinero?;¿En qué quieres trabajar al salir del Buen Pastor?;¿Consideras que los oficios que se enseñan en el Buen Pastor ayudan a una salida laboral?;¿Antes del Buen Pastor, tenías seguro de salud?;¿Cuando te enfermabas, dónde asistías?;¿Antes del Buen Pastor, fuiste víctima de algún tipo de violencia?;¿Qué tipo de violencia?;Antes del Buen Pastor, ¿Sufriste algún tipo de afección de salud mental?;¿Cuáles fueron tus síntomas?;Antes del Buen Pastor, ¿Consumías algún tipo de drogas ilícitas?;¿A qué edad iniciaste el consumo? Favor responder en números, evitar responder en letras;¿Cómo iniciaste el consumo?;Antes del Buen Pastor, ¿fuiste alguna vez a algún programa de rehabilitación?;Antes del Buen Pastor ¿fuiste alguna vez alguna consulta con una psicóloga o psiquiatra?;Antes del Buen Pastor, ¿tomabas algún tipo de medicamento controlado?;Durante el encierro, ¿Sos victima de algún tipo de violencia?;¿Qué tipo de violencia?;Dentro del Penal, ¿Sufrís algún tipo de afección de salud mental  ?;¿Cuáles son tus síntomas?;Durante el encierro, ¿Tomas algún medicamento controlado?;Durante el encierro, ¿Pudiste acceder a elementos de higiene personal?;Durante el encierro, ¿Asistís a la consulta con la psicóloga?;¿Con qué frecuencia asistís a la psicóloga?;Durante el encierro, ¿Consumís algún tipo de droga ilícita? ;¿Seguís algún plan de rehabilitación dentro del Buen Pastor?;¿Tenes antecedentes familiares de enfermedades de base?;En caso de que te sientas mal: ¿accedes a la consulta con un Doctor en el Buen Pastor? ;En caso de necesitar algún medicamento, ¿el penal te provee?;En el marco de tu estadía en el Buen Pastor ¿vas a los controles ginecológicos ?;Dentro del penal, ¿vas a consultas odontológicas?;¿Comes la comida del tacho del penal?;En tu estadía en el Buen Pastor, ¿consumís frutas y verduras?;En tu estadía en el Buen Pastor, ¿Realizas actividades físicas?;¿Con cuantas compañeras compartís tu celda?  Favor responder en números, evitar responder en letras;¿Tienes acceso a agua potable?;¿Tienes acceso a un baño?;¿Recibiste la vacunación contra el Covid 19?;¿Completaste hasta la tercera dosis de la vacuna?;Desde el inicio de la pandemia, ¿Diste Covid positivo?;En el caso de que la respuesta sea que sí, ¿Recibiste atención medica?
1;Paraguaya;34;Femenino;Procesada;No conozco;Casada;Si;5;Central;Limpio  ;;No;Casa Propia;Sí;Sí;Sí;Sí;Sí;6;4;Sí;Familiares;No;Sí;Sí;Si;Guaraní;Educ. Escolar Básica 1º al 6º grado (Primaria);Ninguno;Sí;Oficios;No;Sí;Desocupada;;;No;No;;No;;;;Sí;;;Servicios comunales, sociales y personales;Sí;No;Hospital Público;Sí;Física;No;;Si;12;Otros;Si;Sí;Sí;No;;No;;Sí;No;Si;Mensual;No;No;Diabetes;Sí;Sí;Sí;Sí;Sí;Sí;No;100;Sí;Sí;Sí;Sí;No;
2;Argentina;48;Femenino;Procesada;1 - 5 años;Soltera;Si;5;Extranjera;Resistencia - Chaco;No Responde;Sí;Casa Alquilada;Sí;Sí;Sí;No;Sí;1;2;No;No recibo;No;Sí;Sí;Si;Español;Superior No Universitario (Formación/Profesionalización Docente, Formación Militar/Policial, otros);Superior No Universitario (Formación/Profesionalización Docente, Formación Militar/Policial, otros);Sí;Oficios;No;No;Ocupada;Industrias manufactureras;Trabajadora por cuenta propia;No;No;De un SMLV a 3 SMLV;Sí;Limpieza;Menos de un SMLV;No;No;No;Otro;Industrias manufactureras;Sí;No;Hospital Público;No;;No;Consumo de drogas;Si;30;Amigos;Si;Sí;No;Sí;Física, Psicológica;No;;No;No;Si;Quincenal;Sí;No;Cáncer;Sí;Sí;Sí;Sí;Sí;No;Sí;4;Sí;Sí;No;No;No;No
3;Paraguaya;31;Femenino;Condenada;5 - 15 años;Soltera;Si;2;Capital;Asunción;Pelopincho;No;Casa Familiar;Sí;Sí;Sí;Sí;No;14;2;No;No recibo;Sí;Sí;Sí;No;Jopara;Educación Inicial (Jardín y Preescolar);Educ. Escolar Básica 1º al 6º grado (Primaria);Sí;Oficios;No;Sí;Desocupada;No responde;No responde;No;No;De un SMLV a 3 SMLV;Sí;Otros;Menos de un SMLV;Sí;Utilizo la de un familiar o tercero;Sí;Giros a billetera electrónica;Servicios comunales, sociales y personales;Sí;No;Hospital Público;No;;No;;Si;7;Amigos;Si;Sí;Sí;No;;No;;Sí;Sí;Si;Semanal;Sí;No;;Sí;Sí;Sí;Sí;Sí;No;Sí;50;Sí;Sí;Sí;No;No;
4;Paraguaya;19;Femenino;Procesada;1 - 5 años;Soltera;Si;1;Capital;Lambare;;No;Casa Familiar;Sí;Sí;Sí;Sí;Sí;3;5;No;No recibo;No;No;Sí;Si;Jopara;Ninguno;Ninguno;Sí;Grado Universitario;No;Sí;Desocupada;No responde;No responde;No;No;Menos de un SMLV;No;Otros;Menos de un SMLV;No;No;No;Otro;Finanzas, seguros e inmuebles;Sí;No;Ninguno;Sí;Psicológica;Sí;Pensamiento suicida;Si;15;Amigos;No;No;No;Sí;Psicológica;Si;Pensamiento suicida;No;Sí;No;No asisto;Sí;No;Hipertensión (Cardiaca);No;Sí;No;Sí;No;No;No;60;Sí;Sí;No;No;No;
5;Paraguaya;23;Femenino;Procesada;No conozco;Soltera;Si;3;Presidente Hayes;Presidente Hayes;;Sí;Casa Propia;Sí;Sí;Sí;No;No;5;2;No;No recibo;No;No;Sí;Si;Español;Educ. Escolar Básica 7º al 9º grado (Secundaria básica 1° al 3° curso);Educ. Escolar Básica 7º al 9º grado (Secundaria básica 1° al 3° curso);Sí;Oficios;No;No;Ocupada;Servicios comunales, sociales y personales;Trabajadora doméstica;No;No;Menos de un SMLV;No;;;No;No;No;;Servicios comunales, sociales y personales;No;No;Hospital Público;Sí;Física;Sí;Sentimientos de tristeza, Problemas de sueño (Insomnio), Consumo de drogas;Si;16;Pareja;No;No;Sí;Sí;Psicológica;Si;Cambios de humor constantes, Baja capacidad de concentración, Poca energía, cansancio importante, Problemas de relacionamiento, Sentimientos de tristeza, Problemas de sueño (Insomnio), Cambios en los hábitos alimentarios;No;Sí;No;No asisto;No;No;Otro;Sí;Sí;Sí;Sí;No;No;No;60;Sí;Sí;No;No;No;
6;Paraguaya;32;Femenino;Condenada;1 - 5 años;Soltera;Si;3;Cordillera;;;No;Casa Familiar;No;No;Sí;No;No;5;1;Sí;Familiares;No;No;Sí;Si;Guaraní;Educ. Escolar Básica 7º al 9º grado (Secundaria básica 1° al 3° curso);Ninguno;Sí;Oficios;No;No;Ocupada;Servicios comunales, sociales y personales;Trabajadora por cuenta propia;No;No;Menos de un SMLV;Sí;Otros;Menos de un SMLV;No;No;No;;Servicios comunales, sociales y personales;Sí;No;Otros;No;;Sí;Cambios de humor constantes, Sentimientos de culpa, Poca energía, cansancio importante, Sentimientos de tristeza, Exceso de enojo, hostilidad y violencia;No;;;;Sí;Sí;No;;Si;Cambios de humor constantes, Baja capacidad de concentración, Sentimientos de culpa, Poca energía, cansancio importante, Sentimientos de tristeza;Sí;No;Si;Semanal;No;No;;;Sí;No;Sí;Sí;;Sí;70;Sí;Sí;Sí;No;No;
7;Paraguaya;38;Femenino;Procesada;No conozco;Soltera;No;;Capital;Asunción;Barrio Barrio obrero ;Sí;Casa Familiar;Sí;Sí;Sí;Sí;No;6;3;Sí;Familiares;No;Sí;Sí;Si;Jopara;Educ. Escolar Básica 7º al 9º grado (Secundaria básica 1° al 3° curso);Ninguno;Sí;Oficios;Sí;Sí;Ocupada;Servicios comunales, sociales y personales;Trabajadora doméstica;No;No;Menos de un SMLV;No;;;;;No;;Industrias manufactureras;Sí;No;Hospital Público;Sí;Física, Psicológica;Sí;Cambios de humor constantes, Sentimientos de tristeza, Incapacidad de afrontar problemas cotidianos, Problemas de sueño (Insomnio);No;;;;Sí;Sí;No;;Si;Cambios de humor constantes, Sentimientos de culpa, Sentimientos de tristeza, Incapacidad de afrontar problemas cotidianos, Problemas de sueño (Insomnio);Sí;Sí;Si;Mensual;No;No;Otro;Sí;Sí;Sí;No;Sí;Sí;No;54;Sí;Sí;Sí;Sí;No;
8;Paraguaya;50;Femenino;Procesada;No conozco;Soltera;Si;14;Capital;Asunción;Campo Grande;Sí;Casa Propia;Sí;Sí;Sí;No;No;9;3;Sí;Familiares;No;Sí;Sí;Si;Jopara;Educ. Escolar Básica 1º al 6º grado (Primaria);Educ. Escolar Básica 7º al 9º grado (Secundaria básica 1° al 3° curso);Sí;Oficios;No;No;Ocupada;Agricultura, ganadería, caza y pesca;Trabajadora por cuenta propia;No;No;Menos de un SMLV;Sí;Limpieza;Menos de un SMLV;Sí;No;No;;Agricultura, ganadería, caza y pesca;Sí;No;Hospital Público;Sí;Física, Sexual, Psicológica;Sí;Cambios de humor constantes, Sentimientos de culpa, Poca energía, cansancio importante, Problemas de relacionamiento, Sentimientos de tristeza, Incapacidad de afrontar problemas cotidianos, Problemas de sueño (Insomnio), Cambios en los hábitos alimentarios, Exceso de enojo, hostilidad y violencia, Pensamiento suicida;No;;;No;No;No;No;;No;;Sí;Sí;Si;Semanal;No;No;Hipertensión (Cardiaca);Sí;Sí;Sí;Sí;Sí;No;Sí;60;Sí;Sí;Sí;No;No;
9;Paraguaya;39;Femenino;Procesada;No conozco;Casada;Si;2;Central;Ypacarai;;Sí;Casa Propia;Sí;Sí;Sí;Sí;Sí;5;3;No;No recibo;No;Sí;Sí;Si;Español;Universitario;Ninguno;Sí;Oficios;Sí;Sí;Ocupada;Servicios comunales, sociales y personales;Empleada / obrera pública;Sí;No;De un SMLV a 3 SMLV;Sí;Otros;;;No;No;;Servicios comunales, sociales y personales;Sí;No;Hospital Público;No;;No;;Si;29;Pareja;Si;No;No;No;;No;;Sí;No;Si;Mensual;Sí;Sí;Diabetes;Sí;Sí;Sí;Sí;Sí;Sí;No;58;Sí;Sí;Sí;Sí;No;
10;Paraguaya;34;Femenino;Procesada;No conozco;Soltera;Si;1;Central;Limpio  ;;No;Casa Familiar;Sí;Sí;Sí;No;Sí;5;2;Sí;Familiares;Sí;Sí;Sí;Si;Español;Educ. Escolar Básica 7º al 9º grado (Secundaria básica 1° al 3° curso);Ninguno;Sí;Tecnicaturas;No;No;Ocupada;Servicios comunales, sociales y personales;Trabajadora doméstica;No;No;Menos de un SMLV;No;;;;No;No;;Servicios comunales, sociales y personales;Sí;Sí;Hospital Público;Sí;Física, Psicológica;No;;Si;22;Pareja;No;Sí;No;Sí;Física, Psicológica;No;;No;Sí;Si;Semanal;No;Sí;Enfermedades renales;Sí;Sí;Sí;Sí;Sí;Sí;Sí;4;Sí;Sí;No;;No;
11;Paraguaya;33;Femenino;Condenada;1 - 5 años;Soltera;Si;5;Capital;Asunción;Sajonia;Sí;Casa Alquilada;Sí;Sí;Sí;Sí;Sí;4;2;Sí;Familiares;Sí;No;Sí;Si;Español;Educ. Escolar Básica 1º al 6º grado (Primaria);Educ. Escolar Básica 1º al 6º grado (Primaria);;Oficios;Sí;Sí;Ocupada;Comercio, restaurantes y hoteles;Trabajadora por cuenta propia;No;No;De un SMLV a 3 SMLV;No;Limpieza;Menos de un SMLV;No;No;No;Otro;Comercio, restaurantes y hoteles;Sí;Sí;IPS;;Física, Sexual, Psicológica;Sí;Cambios de humor constantes, Baja capacidad de concentración, Sentimientos de culpa, Poca energía, cansancio importante, Problemas de relacionamiento, Desconexión con la realidad, paranoia o delirio, Problemas de sueño (Insomnio), Consumo de drogas, Exceso de enojo, hostilidad y violencia;Si;12;Amigos;Si;No;No;No;;Si;Poca energía, cansancio importante, Sentimientos de tristeza, Problemas de sueño (Insomnio), Consumo de drogas, Exceso de enojo, hostilidad y violencia;No;No;Si;No asisto;Sí;No;Enfermedades renales;No;No;No;No;Sí;No;Sí;58;Sí;Sí;Sí;Sí;No;No
12;Paraguaya;31;Femenino;Procesada;No conozco;Soltera;Si;2;Capital;Villa Elisa;;Sí;Casa Alquilada;Sí;Sí;Sí;Sí;Sí;5;2;Sí;No recibo;No;Sí;Sí;Si;Jopara;Educ. Escolar Media del 1° al 3° curso (Bachillerato de 4° a 6° curso);Ninguno;Sí;Tecnicaturas;No;No;Ocupada;Comercio, restaurantes y hoteles;Empleada / obrera privada;No;No;Menos de un SMLV;Sí;Limpieza;Menos de un SMLV;No;No;No;;Comercio, restaurantes y hoteles;Sí;No;Hospital Público;Sí;Física, Psicológica;Sí;Exceso de enojo, hostilidad y violencia;Si;26;Amigos;No;Sí;No;Sí;Psicológica;No;Cambios de humor constantes;No;No;No;No asisto;No;Sí;Hipertensión (Cardiaca);No;No;Sí;No;No;No;Sí;3;Sí;Sí;No;No;No;No
13;Paraguaya;39;Femenino;Procesada;No conozco;Soltera;Si;2;Capital;Asunción;Zeballos Cue;No;Casa Familiar;Sí;Sí;Sí;No;Sí;8;8;Sí;Familiares;No;Sí;No;Si;Jopara;Educ. Escolar Media del 1° al 3° curso (Bachillerato de 4° a 6° curso);Educ. Escolar Media del 1° al 3° curso (Bachillerato de 4° a 6° curso);Sí;Oficios;No;No;Ocupada;Servicios comunales, sociales y personales;Trabajadora por cuenta propia;No;No;Menos de un SMLV;Sí;Limpieza;Menos de un SMLV;No;No;Sí;Efectivo;Servicios comunales, sociales y personales;Sí;No;Hospital Público;Sí;Psicológica;Sí;Cambios de humor constantes, Sentimientos de tristeza, Problemas de sueño (Insomnio), Consumo de drogas;Si;18;Amigos;No;No;Sí;No;;No;;No;Sí;Si;Mensual;No;No;Diabetes;Sí;No;Sí;Sí;No;Sí;Sí;43;Sí;Sí;Sí;Sí;No;
14;Paraguaya;36;Femenino;Procesada;No conozco;Soltera;Si;6;Capital;Luque ;;No;Casa Propia;Sí;Sí;Sí;Sí;Sí;10;4;Sí;Familiares;Sí;No;Sí;Si;Jopara;Educ. Escolar Básica 1º al 6º grado (Primaria);Educ. Escolar Básica 1º al 6º grado (Primaria);Sí;Oficios;No;No;Subocupada visible;Servicios comunales, sociales y personales;Trabajadora doméstica;No;No;Menos de un SMLV;Sí;Limpieza;Menos de un SMLV;Sí;No;A veces;Efectivo;Servicios comunales, sociales y personales;Sí;No;Hospital Público;Sí;Física, Sexual, Psicológica;Sí;Pensamiento suicida;Si;13;Amigos;Si;No;No;No;;No;;No;Sí;No;No asisto;;Sí;;Sí;Sí;Sí;Sí;Sí;Sí;Sí;50;Sí;Sí;No;No;No;
15;Paraguaya;33;Femenino;Procesada;No conozco;Soltera;Si;4;Cordillera;Ybycui;;Sí;Casa Propia;Sí;Sí;Sí;No;Sí;5;1;Sí;Familiares;No;No;Sí;Si;Jopara;Educ. Escolar Básica 1º al 6º grado (Primaria);Educ. Escolar Básica 1º al 6º grado (Primaria);Sí;Oficios;No;No;Ocupada;Agricultura, ganadería, caza y pesca;Trabajadora por cuenta propia;No;No;Menos de un SMLV;Sí;Cartonería;Menos de un SMLV;No;No;No;;Agricultura, ganadería, caza y pesca;Sí;No;Hospital Público;Sí;Física, Psicológica;Sí;Sentimientos de tristeza, Incapacidad de afrontar problemas cotidianos, Pensamiento suicida;No;;;No;No;No;No;;Si;Cambios de humor constantes, Sentimientos de tristeza, Cambios en los hábitos alimentarios, Pensamiento suicida;No;Sí;No;No asisto;No;No;Diabetes;Sí;Sí;No;Sí;Sí;Sí;No;60;Sí;Sí;Sí;No;No;
16;Paraguaya;32;Femenino;Condenada;5 - 15 años;Soltera;Si;2;Central;Ñemby ;;Sí;Casa Familiar;Sí;Sí;Sí;Sí;No;5;2;No;;No;No;Sí;Si;;Educ. Escolar Básica 7º al 9º grado (Secundaria básica 1° al 3° curso);Ninguno;Sí;Cursos básicos para habilidades blandas;No;Sí;Ocupada;Servicios comunales, sociales y personales;Trabajadora por cuenta propia;Sí;No;De un SMLV a 3 SMLV;Sí;Cartonería;Menos de un SMLV;No;Sí;Sí;Giros a billetera electrónica;Servicios comunales, sociales y personales;Sí;No;Hospital Público;No;;No;;No;;;No;No;No;No;;No;;No;Sí;No;;No;No;Diabetes;Sí;Sí;Sí;Sí;Sí;Sí;Sí;3;Sí;Sí;Sí;No;No;
17;Paraguaya;31;Femenino;Procesada;No conozco;Soltera;Si;2;Capital;Asunción;Barrio Catedral ;Sí;Casa Familiar;Sí;Sí;Sí;Sí;Sí;5;3;Sí;Familiares;No;Sí;Sí;Si;Jopara;Educ. Escolar Básica 1º al 6º grado (Primaria);Educ. Escolar Media del 1° al 3° curso (Bachillerato de 4° a 6° curso);Sí;Oficios;Sí;Sí;Ocupada;Agricultura, ganadería, caza y pesca;Trabajadora por cuenta propia;No;No;De un SMLV a 3 SMLV;No;;;;;;;Comercio, restaurantes y hoteles;Sí;No;Hospital Público;Sí;Física;Sí;Sentimientos de tristeza, Problemas de sueño (Insomnio), Consumo de drogas;Si;13;Amigos;Si;Sí;No;Sí;Psicológica;No;;No;Sí;Si;Semanal;Sí;Sí;Cáncer;Sí;Sí;Sí;Sí;Sí;Sí;Sí;54;Sí;Sí;Sí;No;No;
18;Paraguaya;31;Femenino;Procesada;1 - 5 años;Soltera;No;3;Capital;Luque ;;Sí;Casa Propia;No;Sí;Sí;No;No;3;1;No;No recibo;No;Sí;No;Si;Español;Educ. Escolar Básica 1º al 6º grado (Primaria);Educ. Escolar Básica 1º al 6º grado (Primaria);Sí;Cursos básicos para habilidades blandas;No;No;Ocupada;Transporte, almacenamiento y comunicaciones;Trabajadora por cuenta propia;No;No;Menos de un SMLV;Sí;Limpieza;Menos de un SMLV;Sí;No;Sí;Efectivo;Servicios comunales, sociales y personales;Sí;No;Hospital Público;Sí;Física, Sexual;Sí;Sentimientos de culpa, Problemas de sueño (Insomnio), Consumo de drogas;Si;10;Otros;Si;Sí;Sí;No;;Si;Sentimientos de culpa;No;Sí;No;No asisto;No;No;;No;No;Sí;Sí;Sí;No;Sí;18;Sí;Sí;No;No;No;No
19;Paraguaya;68;Femenino;Condenada;5 - 15 años;Viuda;Si;14;Guairá;General Higinio Morinigo ;;No;Casa Familiar;No;No;Sí;No;No;16;3;Sí;Familiares;No;Sí;Sí;Si;Jopara;Ninguno;Educ. Escolar Básica 1º al 6º grado (Primaria);No;Oficios;No;Sí;Ocupada;Servicios comunales, sociales y personales;Trabajadora doméstica;No;No;Menos de un SMLV;Sí;Otros;Menos de un SMLV;A veces;No;No;;Servicios comunales, sociales y personales;Sí;No;Hospital Público;Sí;Sexual;No;;No;;;;No;No;No;;No;;Sí;Sí;No;;No;;Hipertensión (Cardiaca);Sí;No;Sí;No;Sí;No;Sí;2;Sí;Sí;Sí;Sí;No;
20;Paraguaya;18;Femenino;Procesada;No conozco;Soltera;No;;Capital;Luque  ;;No;Casa Familiar;Sí;Sí;Sí;Sí;Sí;2;3;Sí;Familiares;No;Sí;No;Si;Jopara;Educ. Escolar Básica 7º al 9º grado (Secundaria básica 1° al 3° curso);Educ. Escolar Media del 1° al 3° curso (Bachillerato de 4° a 6° curso);Sí;Grado Universitario;No;Sí;Ocupada;Servicios comunales, sociales y personales;Trabajadora doméstica;No;No;Menos de un SMLV;Sí;Cocina;Menos de un SMLV;A veces;No;No;;Servicios comunales, sociales y personales;Sí;No;Hospital Público;No;;No;;Si;18;Amigos;No;;No;No;;No;;No;No;No;No asisto;No;No;Diabetes;No;Sí;Sí;Sí;No;Sí;No;18;Sí;Sí;Sí;No;No;
21;Paraguaya;48;Femenino;Condenada;1 - 5 años;Soltera;Si;8;Capital;Asunción;Loma Pyta;No;Casa Familiar;Sí;Sí;Sí;Sí;Sí;4;4;No;No recibo;No;Sí;Sí;Si;Español;Educ. Escolar Básica 1º al 6º grado (Primaria);Educ. Escolar Básica 7º al 9º grado (Secundaria básica 1° al 3° curso);Sí;Oficios;No;Sí;Ocupada;Servicios comunales, sociales y personales;Trabajadora doméstica;No;No;Menos de un SMLV;Sí;Limpieza;Menos de un SMLV;No;No;No;;No responde;Sí;No;Hospital Público;No;;No;;Si;40;Amigos;No;No;No;No;;;Cambios de humor constantes, Sentimientos de culpa, Poca energía, cansancio importante, Problemas de relacionamiento, Sentimientos de tristeza, Problemas de sueño (Insomnio), Cambios en los hábitos alimentarios;Sí;No;No;No asisto;No;No;Cáncer;Sí;Sí;No;Sí;Sí;No;Sí;40;Sí;Sí;Sí;Sí;Sí;No
22;Paraguaya;25;Femenino;Procesada;No conozco;Soltera;Si;3;Central;San Lorenzo  ;;Sí;Casa Alquilada;Sí;Sí;Sí;Sí;Sí;3;3;No;;No;Sí;No;Si;Español;Educ. Escolar Media del 1° al 3° curso (Bachillerato de 4° a 6° curso);Educ. Escolar Media del 1° al 3° curso (Bachillerato de 4° a 6° curso);Sí;Grado Universitario;No;Sí;Ocupada;Comercio, restaurantes y hoteles;Empleada / obrera privada;No;No;Menos de un SMLV;No;;;;No;No;;Comercio, restaurantes y hoteles;Sí;No;Hospital Público;No;;No;;Si;19;Pareja;Si;Sí;No;Sí;Psicológica;Si;Sentimientos de culpa, Poca energía, cansancio importante, Problemas de relacionamiento, Sentimientos de tristeza, Incapacidad de afrontar problemas cotidianos, Problemas de sueño (Insomnio), Cambios en los hábitos alimentarios, Exceso de enojo, hostilidad y violencia;No;No;Si;Semanal;No;Sí;Cáncer;Sí;Sí;Sí;Sí;Sí;No;Sí;30;Sí;Sí;No;;No;
23;Paraguaya;61;Femenino;Condenada;5 - 15 años;Soltera;Si;3;Capital;Itagua;;No;Casa Propia;Sí;Sí;Sí;Sí;Sí;5;6;Sí;Familiares;No;Sí;Sí;Si;Jopara;Educ. Escolar Básica 1º al 6º grado (Primaria);Educ. Escolar Básica 1º al 6º grado (Primaria);No;;No;No;Ocupada;Servicios comunales, sociales y personales;Trabajadora por cuenta propia;No;Sí;Más de 3 SMLV;No;Limpieza;Menos de un SMLV;Sí;No;No;;Comercio, restaurantes y hoteles;No responde;No;Hospital Público;No;;No;;No;;;;No;No;No;;Si;Sentimientos de tristeza;Sí;Sí;Si;Mensual;No;No;;Sí;Sí;Sí;Sí;Sí;Sí;Sí;3;Sí;Sí;Sí;Sí;No;
24;Paraguaya;29;Femenino;Condenada;5 - 15 años;Casada;Si;4;Capital;Ricardo Brugada;Ricardo Brugada;Sí;Casa Propia;Sí;No;Sí;Sí;Sí;6;4;Sí;Pareja;Sí;Sí;Sí;Si;Español;Educ. Escolar Básica 7º al 9º grado (Secundaria básica 1° al 3° curso);Educ. Escolar Básica 7º al 9º grado (Secundaria básica 1° al 3° curso);Sí;Oficios;No;Sí;Desocupada;;Trabajadora familiar no remunerada;Sí;No;;Sí;Comercio y servicios;De un SMLV a 3 SMLV;Sí;No;Sí;Efectivo;No responde;Sí;Sí;IPS;Sí;Psicológica;Sí;Sentimientos de culpa, Problemas de sueño (Insomnio), Consumo de drogas;Si;16;Amigos;No;Sí;No;No;;Si;Poca energía, cansancio importante, Sentimientos de tristeza;No;No;Si;No asisto;No;No;Otro;Sí;Sí;Sí;Sí;No;Sí;Sí;6;Sí;Sí;Sí;Sí;No;No
25;Paraguaya;69;Femenino;Procesada;No conozco;Viuda;Si;8;Caaguazú;Coronel Oviedo;;Sí;Casa Propia;Sí;Sí;Sí;No;Sí;2;3;Sí;Familiares;Sí;Sí;Sí;Si;Jopara;Educ. Escolar Básica 1º al 6º grado (Primaria);Ninguno;Sí;Oficios;No;No;Ocupada;Agricultura, ganadería, caza y pesca;Trabajadora por cuenta propia;No;No;Menos de un SMLV;Sí;Costura;Menos de un SMLV;Sí;No;No;Efectivo;Agricultura, ganadería, caza y pesca;Sí;No;Otros;No;;No;;No;;;No;No;No;No;;No;;Sí;Sí;No;No asisto;No;No;Diabetes;Sí;Sí;No;Sí;Sí;Sí;Sí;3;Sí;Sí;Sí;Sí;No;
26;Paraguaya;29;Femenino;Condenada;1 - 5 años;Soltera;Si;3;Capital;Asunción;Barrio Barrio obrero ;Sí;Casa Propia;Sí;Sí;Sí;Sí;Sí;4;2;No;No recibo;Sí;Sí;Sí;Si;Español;Educ. Escolar Media del 1° al 3° curso (Bachillerato de 4° a 6° curso);Universitario;Sí;Grado Universitario;No;Sí;Ocupada;Comercio, restaurantes y hoteles;Empleada / obrera privada;Sí;No;De un SMLV a 3 SMLV;Sí;Cocina;Menos de un SMLV;A veces;No;No;;Comercio, restaurantes y hoteles;Sí;Sí;Hospital Público;Sí;Física, Psicológica;Sí;Incapacidad de afrontar problemas cotidianos, Problemas de sueño (Insomnio), Otro;Si;15;Otros;Si;Sí;Sí;No;;No;Problemas de sueño (Insomnio);No;Sí;Si;Quincenal;No;No;Otro;Sí;Sí;Sí;Sí;No;No;No;30;Sí;Sí;Sí;Sí;No;
27;Paraguaya;19;Femenino;Condenada;1 - 5 años;Soltera;No;;Central;Luque  ;;No;Casa Alquilada;Sí;Sí;Sí;Sí;Sí;10;3;Sí;Familiares;Sí;No;Sí;Si;Español;Educ. Escolar Básica 7º al 9º grado (Secundaria básica 1° al 3° curso);Educ. Escolar Básica 7º al 9º grado (Secundaria básica 1° al 3° curso);Sí;Oficios;No;Sí;Desocupada;;;No;No;;No;;;;No;No;;Servicios comunales, sociales y personales;Sí;No;Hospital Público;No;;No;;Si;16;Amigos;Si;Sí;No;No;;No;;No;Sí;Si;No asisto;No;Sí;Otro;Sí;Sí;Sí;Sí;Sí;Sí;Sí;1;Sí;Sí;Sí;Sí;No;
28;Paraguaya;30;Femenino;Procesada;No conozco;Soltera;Si;3;Capital;Asunción;Trinidad  ;No;Casa Familiar;Sí;Sí;Sí;No;Sí;8;5;Sí;Pareja;Sí;Sí;Sí;Si;Español;Educ. Escolar Básica 7º al 9º grado (Secundaria básica 1° al 3° curso);Educ. Escolar Básica 7º al 9º grado (Secundaria básica 1° al 3° curso);Sí;Oficios;Sí;No;Ocupada;Servicios comunales, sociales y personales;Trabajadora por cuenta propia;No;No;Menos de un SMLV;No;;Menos de un SMLV;No;No;No;;Servicios comunales, sociales y personales;Sí;No;Hospital Público;Sí;Física, Psicológica;Sí;Cambios de humor constantes, Sentimientos de culpa, Sentimientos de tristeza, Incapacidad de afrontar problemas cotidianos, Problemas de sueño (Insomnio), Consumo de drogas, Cambios en los hábitos alimentarios, Exceso de enojo, hostilidad y violencia;Si;25;Amigos;No;No;No;No;;No;;No;No;Si;Mensual;No;No;Hipertensión (Cardiaca);Sí;Sí;Sí;Sí;No;No;Sí;17;Sí;Sí;Sí;No;No;No
29;Paraguaya;35;Femenino;Procesada;No conozco;Soltera;Si;5;San Pedro;Santani;;No;Casa Propia;Sí;Sí;Sí;No;Sí;6;3;No;No recibo;No;Sí;Sí;No;Guaraní;Educ. Escolar Básica 1º al 6º grado (Primaria);Educ. Escolar Básica 1º al 6º grado (Primaria);Sí;Oficios;No;No;Ocupada;Comercio, restaurantes y hoteles;Trabajadora por cuenta propia;No;No;Menos de un SMLV;No;;;No;No;No;;Comercio, restaurantes y hoteles;Sí;No;Hospital Público;Sí;Física, Psicológica;No;;No;;;;No;No;No;;Si;Cambios de humor constantes, Poca energía, cansancio importante;Sí;Sí;Si;Semanal;No;;Hipertensión (Cardiaca);Sí;Sí;Sí;No;No;No;No;4;Sí;Sí;Sí;Sí;No;
30;Paraguaya;42;Femenino;Procesada;No conozco;Soltera;Si;5;Presidente Hayes;Villa hayes;;Sí;Casa Familiar;Sí;Sí;Sí;Sí;Sí;5;2;Sí;Familiares;No;Sí;No;Si;Jopara;Ninguno;Ninguno;Sí;Oficios;No;No;Desocupada;No responde;No responde;No;No;;No;;;;No;No;;Servicios comunales, sociales y personales;Sí;No;Hospital Público;No;;No;;No;;;No;No;No;Sí;Psicológica;No;Sentimientos de tristeza;No;Sí;No;No asisto;No;No;Hipertensión (Cardiaca);No;No;No;No;Sí;No;No;33;Sí;Sí;No;No;No;
31;Paraguaya;34;Femenino;Procesada;No conozco;Soltera;Si;3;Capital;Asunción;Ricardo Brugada;No;Casa Propia;Sí;Sí;Sí;Sí;Sí;5;4;No;No recibo;No;No;Sí;Si;Jopara;Educ. Escolar Básica 7º al 9º grado (Secundaria básica 1° al 3° curso);Ninguno;Sí;Tecnicaturas;No;No;Ocupada;Servicios comunales, sociales y personales;Trabajadora por cuenta propia;No;No;Menos de un SMLV;Sí;Otros;;No;No;No;;Servicios comunales, sociales y personales;Sí;Sí;Hospital Privado;No;;No;;Si;16;Amigos;Si;Sí;No;No;;No;;No;Sí;Si;Semanal;Sí;No;;Sí;Sí;Sí;Sí;Sí;Sí;Sí;3;Sí;Sí;Sí;No;No;
32;Paraguaya;49;Femenino;Procesada;No conozco;Soltera;Si;1;Capital;Capiatá ;;Sí;Casa Alquilada;Sí;Sí;Sí;Sí;Sí;2;2;No;No recibo;No;Sí;Sí;Si;Español;Educ. Escolar Básica 1º al 6º grado (Primaria);Educ. Escolar Básica 1º al 6º grado (Primaria);Sí;Oficios;No;Sí;Ocupada;Comercio, restaurantes y hoteles;Trabajadora por cuenta propia;No;No;De un SMLV a 3 SMLV;Sí;Cocina;Menos de un SMLV;Sí;No;No;;Comercio, restaurantes y hoteles;Sí;Sí;Hospital Público;Sí;Física;No;Consumo de drogas, Cambios en los hábitos alimentarios;No;;;;No;No;Sí;Física;;;No;Sí;No;No asisto;No;No;Hipertensión (Cardiaca);No;No;Sí;Sí;Sí;No;Sí;2;Sí;Sí;Sí;Sí;No;
33;Paraguaya;46;Femenino;Procesada;No conozco;Divorciada;Si;4;Central;Ypacarai;;Sí;Casa Propia;Sí;Sí;Sí;Sí;Sí;10;7;Sí;Familiares;Sí;No;Sí;Si;Jopara;Educ. Escolar Básica 1º al 6º grado (Primaria);Educ. Escolar Básica 7º al 9º grado (Secundaria básica 1° al 3° curso);Sí;Oficios;Sí;Sí;Ocupada;Comercio, restaurantes y hoteles;Trabajadora por cuenta propia;Sí;No;Más de 3 SMLV;;Comercio y servicios;Menos de un SMLV;Sí;No;No;;Comercio, restaurantes y hoteles;Sí;No;Hospital Público;Sí;Física, Sexual, Psicológica;Sí;Pensamiento suicida;No;;;;Sí;Sí;No;;Si;Cambios de humor constantes, Desconexión con la realidad, paranoia o delirio;Sí;Sí;Si;Semanal;No;No;;Sí;Sí;Sí;Sí;Sí;No;Sí;30;Sí;Sí;Sí;No;Sí;Si
34;Paraguaya;27;Femenino;Procesada;No conozco;Soltera;Si;3;Capital;Asunción;No Responde;No;Casa Familiar;Sí;No;Sí;No;Sí;7;4;Sí;Familiares;No;Sí;No;Si;Jopara;Educ. Escolar Básica 1º al 6º grado (Primaria);Ninguno;Sí;Oficios;No;Sí;No responde;No responde;No responde;No;No;De un SMLV a 3 SMLV;No;;;;No;;;Industrias manufactureras;Sí;No;Ninguno;Sí;Física, Psicológica;Sí;Sentimientos de culpa, Sentimientos de tristeza, Problemas de sueño (Insomnio), Consumo de drogas, Pensamiento suicida;Si;19;Amigos;No;No;No;No;;Si;Sentimientos de tristeza, Problemas de sueño (Insomnio);Sí;Sí;Si;Semanal;No;No;Diabetes;Sí;Sí;Sí;Sí;Sí;Sí;No;5;Sí;Sí;Sí;No;No;
35;Paraguaya;42;Femenino;Condenada;1 - 5 años;Soltera;Si;;;Benjamín Aceval;;Sí;Casa Propia;Sí;No;Sí;Sí;Sí;4;4;Sí;Familiares;Sí;Sí;Sí;Si;Español;Universitario;Universitario;Sí;Grado Universitario;Sí;Sí;Ocupada;Servicios comunales, sociales y personales;Trabajadora por cuenta propia;Sí;Sí;De un SMLV a 3 SMLV;No;;;;Sí;No;;Servicios comunales, sociales y personales;Sí;No;Hospital Público;No;;;;;;;;;;;;;;No;Sí;No;;No;No;Diabetes;No;No;No;No;No;Sí;No;20;Sí;Sí;Sí;Sí;Sí;Si
36;Paraguaya;23;Femenino;Condenada;1 - 5 años;Soltera;Si;1;Alto Paraná;Ciudad del Este;;No;Casa Propia;Sí;Sí;Sí;Sí;Sí;6;3;No;No recibo;No;Sí;No;Si;Guaraní;Educ. Escolar Básica 1º al 6º grado (Primaria);Educ. Escolar Básica 1º al 6º grado (Primaria);Sí;Oficios;No;No;Ocupada;Servicios comunales, sociales y personales;Trabajadora doméstica;No;No;Menos de un SMLV;Sí;Limpieza;Menos de un SMLV;No;No;No;;Servicios comunales, sociales y personales;Sí;No;Hospital Público;Sí;Física, Psicológica;Sí;Cambios de humor constantes, Sentimientos de culpa, Sentimientos de tristeza, Problemas de sueño (Insomnio), Consumo de drogas;Si;14;Amigos;Si;No;Sí;No;;No;;Sí;Sí;Si;Mensual;No;No;;Sí;Sí;Sí;Sí;No;No;No;50;Sí;Sí;Sí;No;No;
37;Paraguaya;50;Femenino;Condenada;1 - 5 años;Soltera;Si;5;Capital;Asunción;Barrio obrero ;No;Casa Alquilada;Sí;Sí;Sí;No;Sí;4;2;No;No recibo;Sí;Sí;Sí;Si;Español;Educ. Escolar Básica 1º al 6º grado (Primaria);Educ. Escolar Básica 7º al 9º grado (Secundaria básica 1° al 3° curso);Sí;Oficios;No;Sí;Desocupada;;Trabajadora familiar no remunerada;No;No;;Sí;Comercio y servicios;Menos de un SMLV;A veces;Sí;No;;;Sí;No;Hospital Público;No;;No;;No;;;;;No;No;;No;;Sí;Sí;Si;Mensual;Sí;No;Diabetes;Sí;Sí;No;Sí;Sí;Sí;No;1;Sí;Sí;Sí;Sí;No;
38;Paraguaya;43;Femenino;Procesada;No conozco;Soltera;Si;3;San Pedro;Chore;;No;Casa Propia;No;No;Sí;No;No;4;2;No;No recibo;No;Sí;No;Si;Jopara;Educ. Escolar Básica 1º al 6º grado (Primaria);Ninguno;Sí;Oficios;No;No;Ocupada;Servicios comunales, sociales y personales;Empleada / obrera privada;No;No;Menos de un SMLV;No;;;;No;No;;Servicios comunales, sociales y personales;Sí;No;Hospital Público;Sí;Física, Sexual, Psicológica;No;;No;;;No;No;Sí;No;;No;;No;Sí;No;No asisto;No;No;Hipertensión (Cardiaca);No;No;No;No;Sí;No;No;29;Sí;Sí;Sí;No;No;
39;Paraguaya;39;Femenino;Condenada;1 - 5 años;Soltera;Si;7;Capital;Asunción;San Pablo ;Sí;Casa Alquilada;Sí;Sí;Sí;Sí;Sí;4;2;No;No recibo;No;Sí;Sí;Si;Español;Educ. Escolar Básica 7º al 9º grado (Secundaria básica 1° al 3° curso);Educ. Escolar Media del 1° al 3° curso (Bachillerato de 4° a 6° curso);Sí;Oficios;No;Sí;Ocupada;Comercio, restaurantes y hoteles;Trabajadora por cuenta propia;No;No;Menos de un SMLV;Sí;Cocina;Menos de un SMLV;Sí;No;Sí;Efectivo;Comercio, restaurantes y hoteles;Sí;No;Hospital Público;Sí;Sexual;No;Sentimientos de tristeza, Consumo de drogas;Si;32;Amigos;No;No;No;No;;No;;No;Sí;No;;No;No;Hipertensión (Cardiaca);Sí;Sí;Sí;Sí;Sí;No;Sí;29;Sí;Sí;Sí;No;No;
40;Paraguaya;54;Femenino;Condenada;1 - 5 años;Casada;Si;5;Central;Lambare;;No;Casa Propia;Sí;Sí;Sí;Sí;Sí;6;5;Sí;Pareja;No;No;Sí;Si;Español;Educ. Escolar Básica 1º al 6º grado (Primaria);Ninguno;Sí;Oficios;No;Sí;Desocupada;;Trabajadora familiar no remunerada;No;No;;No;;;;No;No;;Industrias manufactureras;Sí;No;Hospital Público;No;;Sí;Cambios de humor constantes, Sentimientos de culpa, Poca energía, cansancio importante, Sentimientos de tristeza, Incapacidad de afrontar problemas cotidianos, Problemas de sueño (Insomnio), Consumo de drogas, Exceso de enojo, hostilidad y violencia, Cambios en el deseo sexual;No;;;No;No;Sí;No;;Si;Cambios de humor constantes, Sentimientos de culpa, Poca energía, cansancio importante, Sentimientos de tristeza, Problemas de sueño (Insomnio), Exceso de enojo, hostilidad y violencia, Cambios en el deseo sexual;Sí;No;No;No asisto;Sí;No;Cáncer;Sí;Sí;Sí;No;Sí;No;No;60;Sí;Sí;Sí;Sí;No;
41;Paraguaya;28;Femenino;Condenada;5 - 15 años;Soltera;Si;1;San Pedro;Santa Rosa del Aguaray;;Sí;Casa Propia;Sí;No;Sí;Sí;Sí;2;2;Sí;Familiares;No;No;Sí;Si;Jopara;Educ. Escolar Media del 1° al 3° curso (Bachillerato de 4° a 6° curso);Educ. Escolar Media del 1° al 3° curso (Bachillerato de 4° a 6° curso);Sí;Grado Universitario;No;No;Subocupada visible;Servicios comunales, sociales y personales;Trabajadora por cuenta propia;No;No;Menos de un SMLV;No;;;;No;;;Comercio, restaurantes y hoteles;Sí;No;Hospital Público;Sí;Psicológica;No;;No;;;No;No;No;Sí;Psicológica;Si;Cambios de humor constantes, Baja capacidad de concentración, Sentimientos de tristeza, Problemas de sueño (Insomnio), Pensamiento suicida;No;Sí;Si;Mensual;No;No;Otro;Sí;Sí;Sí;Sí;No;Sí;Sí;29;Sí;Sí;Sí;Sí;No;
42;Paraguaya;35;Femenino;Condenada;5 - 15 años;Soltera;Si;4;Capital;Asunción;No Responde;Sí;Casa Familiar;Sí;Sí;Sí;Sí;Sí;9;2;Sí;Familiares;No;Sí;Sí;Si;Guaraní;Educ. Escolar Básica 7º al 9º grado (Secundaria básica 1° al 3° curso);Educ. Escolar Media del 1° al 3° curso (Bachillerato de 4° a 6° curso);No;;No;Sí;Ocupada;;Trabajadora doméstica;No;No;Menos de un SMLV;Sí;Cartonería;Menos de un SMLV;Sí;No;Sí;Efectivo;Industrias manufactureras;Sí;No;Hospital Público;No;;No;;Si;17;Amigos;Si;Sí;Sí;No;;No;;No;Sí;Si;;No;No;Cáncer;Sí;Sí;No;Sí;No;;Sí;29;Sí;Sí;Sí;Sí;Sí;Si
43;Paraguaya;28;Femenino;Procesada;No conozco;Soltera;Si;4;Capital;Ñemby  ;Unida La Conquista;Sí;Casa Familiar;Sí;Sí;Sí;Sí;Sí;11;3;No;;No;No;No;Si;Jopara;Educ. Escolar Básica 7º al 9º grado (Secundaria básica 1° al 3° curso);Ninguno;No;Oficios;No;Sí;Ocupada;Construcciones;Trabajadora por cuenta propia;No;No;Menos de un SMLV;Sí;Otros;Menos de un SMLV;Sí;No;Sí;Giros a billetera electrónica;Construcciones;Sí;No;Hospital Público;No;;Sí;Cambios de humor constantes, Sentimientos de culpa, Pensamiento suicida;No;;;;No;No;No;;Si;Cambios de humor constantes, Sentimientos de culpa, Sentimientos de tristeza;No;Sí;No;No asisto;No;No;Diabetes;Sí;Sí;No;Sí;No;Sí;Sí;35;Sí;Sí;Sí;No;No;
44;Paraguaya;28;Femenino;Condenada;1 - 5 años;Soltera;Si;5;Central;Lambare;;No;Casa Alquilada;Sí;Sí;Sí;No;Sí;6;1 pieza con 1 baño ;Sí;Pareja;No;No;Sí;Si;Español;Educ. Escolar Básica 7º al 9º grado (Secundaria básica 1° al 3° curso);Ninguno;No;;No;Sí;Ocupada;Comercio, restaurantes y hoteles;Empleada / obrera privada;No;No;Menos de un SMLV;Sí;Cartonería;Menos de un SMLV;Sí;No;No;;Comercio, restaurantes y hoteles;Sí;No;Hospital Público;No;;No;;Si;27;Amigos;No;No;Sí;No;;No;;Sí;No;No;No asisto;No;;Cáncer;Sí;Sí;No;Sí;No;Sí;No;35;Sí;Sí;Sí;Sí;No;
45;Paraguaya;20;Femenino;Procesada;No conozco;Soltera;Si;1;Cordillera;Caacupe;;No;Casa Propia;Sí;Sí;Sí;Sí;Sí;15;7;Sí;Familiares;Sí;Sí;Sí;Si;Español;Educ. Escolar Básica 7º al 9º grado (Secundaria básica 1° al 3° curso);Ninguno;Sí;Cursos básicos para habilidades blandas;No;Sí;Ocupada;Servicios comunales, sociales y personales;Trabajadora por cuenta propia;No;No;Menos de un SMLV;No;;;;No;No;;Servicios comunales, sociales y personales;Sí;No;Hospital Público;No;;No;;Si;12;Familiar;Si;Sí;No;No;;No;;No;Sí;Si;Semanal;No;No;Hipertensión (Cardiaca);Sí;Sí;Sí;Sí;Sí;Sí;No;35;Sí;Sí;No;;No;
46;Paraguaya;49;Femenino;Procesada;No conozco;Soltera;Si;2;Capital;Asunción;Trinidad  ;Sí;Casa Propia;Sí;Sí;Sí;No;No;6;3;Sí;Familiares;Sí;Sí;No;Si;Español;Educ. Escolar Básica 1º al 6º grado (Primaria);;Sí;;Sí;Sí;Ocupada;Servicios comunales, sociales y personales;Trabajadora doméstica;Sí;No;Menos de un SMLV;Sí;Cocina;Menos de un SMLV;A veces;No;No;;Servicios comunales, sociales y personales;Sí;No;Hospital Público;No;;No;;No;;;;No;No;No;;No;;No;Sí;No;;No;;;Sí;Sí;No;No;Sí;Sí;No;5;Sí;Sí;No;;No;
47;Paraguaya;51;Femenino;Procesada;No conozco;Casada;Si;6;Central;San Antonio ;;No;Casa Propia;Sí;No;Sí;No;Sí;9;2;Sí;Pareja;No;Sí;Sí;Si;Jopara;Educ. Escolar Básica 1º al 6º grado (Primaria);Educ. Escolar Básica 7º al 9º grado (Secundaria básica 1° al 3° curso);Sí;Oficios;No;Sí;Ocupada;Agricultura, ganadería, caza y pesca;Trabajadora por cuenta propia;No;No;Menos de un SMLV;Sí;Limpieza;Menos de un SMLV;No;No;No;;Agricultura, ganadería, caza y pesca;Sí;No;Hospital Público;Sí;Psicológica;Sí;Sentimientos de culpa, Problemas de sueño (Insomnio), Cambios en los hábitos alimentarios;No;;;No;No;No;No;;No;;Sí;Sí;Si;Semanal;No;No;Hipertensión (Cardiaca);Sí;Sí;Sí;Sí;No;No;Sí;71;Sí;Sí;Sí;No;No;
48;Paraguaya;31;Femenino;Procesada;No conozco;Soltera;Si;2;Capital;Asunción;Trinidad ;Sí;Casa Alquilada;Sí;No;;Sí;Sí;1;1;Sí;Familiares;No;No;Sí;Si;Español;Universitario;Universitario;Sí;Tecnicaturas;No;No;Ocupada;Servicios comunales, sociales y personales;Trabajadora doméstica;Sí;Sí;De un SMLV a 3 SMLV;Sí;Cocina;Menos de un SMLV;A veces;No;No;;Comercio, restaurantes y hoteles;No responde;No;Hospital Público;Sí;Física;No;;Si;14;Amigos;No;No;No;No;Psicológica;No;;No;Sí;No;No asisto;Sí;No;Cáncer;Sí;Sí;No;Sí;Sí;No;Sí;25;Sí;Sí;No;No;No;
49;Paraguaya;39;Femenino;Procesada;No conozco;Soltera;Si;6;Capital;Asunción;Ricardo Brugada;Sí;;No;No;No;No;No;0;0;No;No recibo;Sí;Sí;Sí;Si;Jopara;Educ. Escolar Básica 1º al 6º grado (Primaria);Educ. Escolar Básica 7º al 9º grado (Secundaria básica 1° al 3° curso);Sí;Oficios;No;No;Ocupada;Servicios comunales, sociales y personales;Trabajadora por cuenta propia;No;No;De un SMLV a 3 SMLV;Sí;Comercio y servicios;Menos de un SMLV;Sí;No;No;;Servicios comunales, sociales y personales;Sí;No;Hospital Público;Sí;Física, Psicológica;Sí;Cambios de humor constantes, Baja capacidad de concentración, Sentimientos de culpa, Poca energía, cansancio importante, Sentimientos de tristeza, Incapacidad de afrontar problemas cotidianos, Desconexión con la realidad, paranoia o delirio, Problemas de sueño (Insomnio), Consumo de drogas, Cambios en los hábitos alimentarios, Exceso de enojo, hostilidad y violencia, Cambios en el deseo sexual;Si;13;Amigos;Si;Sí;No;No;;No;;No;Sí;Si;No asisto;No;No;Cáncer;No;No;No;Sí;Sí;Sí;No;22;Sí;Sí;Sí;Sí;Sí;Si
50;Paraguaya;23;Femenino;Procesada;No conozco;Soltera;Si;1;Central;San Antonio  ;;Sí;Casa Familiar;Sí;No;Sí;Sí;No;5;1;No;No recibo;No;Sí;Sí;No;Jopara;Educ. Escolar Básica 1º al 6º grado (Primaria);Educ. Escolar Básica 1º al 6º grado (Primaria);Sí;Oficios;No;No;Desocupada;;;No;No;;Sí;Otros;Menos de un SMLV;No;No;No;;Comercio, restaurantes y hoteles;Sí;No;Hospital Público;No;;No;;Si;14;Amigos;Si;No;No;No;;No;;No;Sí;No;No asisto;No;No;;No;No;No;No;Sí;No;No;60;Sí;Sí;Sí;Sí;Sí;No
51;Paraguaya;41;Femenino;Procesada;No conozco;Soltera;Si;10;Central;San Lorenzo  ;;Sí;Casa Propia;No;No;No;No;Sí;13;3;No;;No;Sí;Sí;No;Jopara;Ninguno;Educ. Escolar Básica 1º al 6º grado (Primaria);Sí;Oficios;No;Sí;Subocupada visible;Comercio, restaurantes y hoteles;Trabajadora por cuenta propia;No;No;Menos de un SMLV;Sí;Limpieza;Menos de un SMLV;A veces;No;No;;Servicios comunales, sociales y personales;Sí;No;Hospital Público;Sí;Física, Sexual, Psicológica;Sí;Pensamiento suicida;No;;;No;No;No;No;;Si;Cambios de humor constantes, Pensamiento suicida;No;Sí;Si;Mensual;No;No;Otro;Sí;Sí;No;Sí;Sí;No;No;3;Sí;Sí;Sí;No;No;
52;Paraguaya;25;Femenino;Procesada;No conozco;Soltera;No;;Alto Paraná;Ciudad del Este;;Sí;Casa Propia;Sí;No;Sí;Sí;No;2;2;Sí;Familiares;Sí;Sí;No;Si;Español;Educ. Escolar Media del 1° al 3° curso (Bachillerato de 4° a 6° curso);Ninguno;Sí;Tecnicaturas;No;Sí;Ocupada;Finanzas, seguros e inmuebles;Empleada / obrera privada;No;No;Menos de un SMLV;No;;;;No;;;Servicios comunales, sociales y personales;Sí;No;Hospital Público;No;;Sí;Cambios de humor constantes, Poca energía, cansancio importante, Problemas de relacionamiento, Sentimientos de tristeza, Consumo de drogas;Si;16;Amigos;No;No;No;Sí;Física;Si;Cambios de humor constantes, Poca energía, cansancio importante, Problemas de relacionamiento, Pensamiento suicida;No;No;No;;No;No;Diabetes;Sí;Sí;No;Sí;No;Sí;No;3;Sí;Sí;Sí;No;Sí;No
53;Paraguaya;26;Femenino;Condenada;1 - 5 años;Soltera;Si;3;Capital;Fernando de la Mora;;Sí;Casa Familiar;Sí;No;Sí;Sí;Sí;5;4;No;No recibo;Sí;Sí;Sí;Si;Español;Educ. Escolar Básica 1º al 6º grado (Primaria);Ninguno;Sí;Tecnicaturas;No;No;Ocupada;Comercio, restaurantes y hoteles;Trabajadora por cuenta propia;No;No;Menos de un SMLV;No;;;No;No;No;;Servicios comunales, sociales y personales;Sí;No;Hospital Público;Sí;Física, Psicológica;Sí;Sentimientos de tristeza, Incapacidad de afrontar problemas cotidianos, Problemas de sueño (Insomnio), Consumo de drogas, Exceso de enojo, hostilidad y violencia;Si;19;Amigos;Si;No;No;No;;Si;;Sí;No;No;No asisto;Sí;No;Cáncer;Sí;Sí;No;No;Sí;No;Sí;20;Sí;Sí;Sí;No;No;
54;Paraguaya;30;Femenino;Procesada;No conozco;Casada;Si;5;Central;Itagua ;;No;Casa Alquilada;Sí;Sí;Sí;No;No;6;1;No;;No;Sí;No;Si;Jopara;Educ. Escolar Básica 1º al 6º grado (Primaria);Ninguno;No;;No;Sí;Ocupada;Servicios comunales, sociales y personales;Trabajadora por cuenta propia;No;No;De un SMLV a 3 SMLV;Sí;Cocina;Menos de un SMLV;No;No;No;;Servicios comunales, sociales y personales;No;No;Hospital Público;Sí;Física, Psicológica;No;;Si;29;Amigos;No;No;No;No;;No;;No;No;Si;Semanal;No;No;Diabetes;Sí;Sí;Sí;Sí;Sí;Sí;No;30;Sí;Sí;Sí;No;No;
55;Paraguaya;31;Femenino;Procesada;No conozco;Soltera;Si;2;Caaguazú;Caaguazu;;Sí;Casa Familiar;Sí;No;Sí;Sí;Sí;6;4;No;;No;Sí;No;Si;Español;Educ. Escolar Básica 7º al 9º grado (Secundaria básica 1° al 3° curso);;Sí;Oficios;No;No;Ocupada;Comercio, restaurantes y hoteles;Trabajadora por cuenta propia;No;No;Menos de un SMLV;;;;;No;No;;Comercio, restaurantes y hoteles;No responde;No;Hospital Público;No;;No;;Si;14;Amigos;Si;Sí;No;No responde;;No;;No;;;No asisto;No;No;Diabetes;;;;;Sí;No;No;5;Sí;Sí;No;;No;
56;Paraguaya;33;Femenino;Condenada;1 - 5 años;Soltera;Si;4;Central;Limpio ;;No;Casa Propia;Sí;Sí;Sí;No;No;7;3;No;No recibo;No;Sí;Sí;No;Jopara;Ninguno;Ninguno;Sí;Oficios;No;No;Desocupada;Servicios comunales, sociales y personales;No responde;No;;Menos de un SMLV;No;;;No;No;No;;No responde;Sí;No;Ninguno;Sí;Física, Sexual, Psicológica;;Cambios de humor constantes, Consumo de drogas;No;11;Amigos;No;No;No;No;;No;;No;No;No;No asisto;No;No;Otro;No;No;No;;No;No;No;30;Sí;Sí;Sí;No;No;
57;Paraguaya;25;Femenino;Procesada;No conozco;Soltera;Si;4;Guairá;Paso Yobái;;Sí;Casa Alquilada;Sí;Sí;Sí;No;Sí;10;4;No;;No;Sí;No;Si;Jopara;Educ. Escolar Básica 1º al 6º grado (Primaria);;No;Oficios;No;Sí;Ocupada;Servicios comunales, sociales y personales;Trabajadora doméstica;No;No;Menos de un SMLV;Sí;Limpieza;Menos de un SMLV;No;No;No;;No responde;Sí;No;Hospital Público;Sí;Física, Psicológica;No;;Si;14;Amigos;No;No;No;Sí;Psicológica;No;Sentimientos de tristeza;No;No;No;;Sí;No;Hipertensión (Cardiaca);Sí;Sí;Sí;Sí;Sí;No;Sí;20;Sí;Sí;No;;No;
58;Paraguaya;33;Femenino;Procesada;No conozco;Soltera;Si;2;Central;Capiatá ;;Sí;Casa Propia;Sí;No;Sí;No;Sí;5;3;Sí;Familiares;Sí;Sí;No;Si;Jopara;Educ. Escolar Básica 7º al 9º grado (Secundaria básica 1° al 3° curso);Ninguno;Sí;Oficios;No;Sí;Ocupada;Agricultura, ganadería, caza y pesca;Trabajadora por cuenta propia;No;No;De un SMLV a 3 SMLV;No;;;;No;No;;Agricultura, ganadería, caza y pesca;Sí;No;Hospital Público;No;;Sí;Cambios de humor constantes, Sentimientos de tristeza, Cambios en los hábitos alimentarios;No;;;No;No;No;No;;No;;No;Sí;Si;No asisto;No;No;Enfermedades renales;Sí;Sí;No;No;Sí;Sí;Sí;6;Sí;Sí;Sí;No;No;
59;Paraguaya;20;Femenino;Procesada;No conozco;Soltera;Si;2;Central;San Lorenzo ;;No;Casa Familiar;Sí;Sí;Sí;Sí;Sí;6;2;Sí;Familiares;Sí;Sí;Sí;Si;Jopara;Educ. Escolar Básica 7º al 9º grado (Secundaria básica 1° al 3° curso);Ninguno;Sí;Grado Universitario;No;Sí;Desocupada;;;No;No;;No;;;;No;No;;Servicios comunales, sociales y personales;Sí;No;Hospital Público;No;;Sí;Cambios de humor constantes, Sentimientos de culpa, Sentimientos de tristeza;Si;13;Familiar;Si;Sí;No;No;;Si;Cambios de humor constantes, Sentimientos de culpa, Sentimientos de tristeza;No;Sí;Si;Quincenal;;Sí;Diabetes;Sí;Sí;Sí;Sí;Sí;Sí;Sí;40;Sí;Sí;No;;No;
60;Paraguaya;52;Femenino;Procesada;No conozco;Casada;Si;6;Central;Lambare;;Sí;;Sí;No;Sí;No;No;2;1;Sí;Familiares;No;No;Sí;Si;Jopara;Educ. Escolar Básica 7º al 9º grado (Secundaria básica 1° al 3° curso);Educ. Escolar Básica 7º al 9º grado (Secundaria básica 1° al 3° curso);Sí;Oficios;No;Sí;Ocupada;Servicios comunales, sociales y personales;Trabajadora doméstica;No;No;Menos de un SMLV;Sí;Limpieza;Menos de un SMLV;No;No;No;;Servicios comunales, sociales y personales;Sí;Sí;IPS;No;;No;;Si;38;Pareja;No;No;No;Sí;Física;No;;No;Sí;No;No asisto;Sí;No;;Sí;Sí;No;Sí;Sí;No;Sí;59;Sí;Sí;Sí;Sí;No;
61;Paraguaya;19;Femenino;Condenada;1 - 5 años;Soltera;Si;1;Central;Limpio ;;No;Casa Familiar;Sí;Sí;Sí;Sí;Sí;6;6;Sí;Familiares;Sí;Sí;Sí;Si;Español;Educ. Escolar Básica 7º al 9º grado (Secundaria básica 1° al 3° curso);Ninguno;Sí;Oficios;No;No;Ocupada;Servicios comunales, sociales y personales;Trabajadora por cuenta propia;No;No;Menos de un SMLV;Sí;Cocina;Menos de un SMLV;Sí;No;No;;Servicios comunales, sociales y personales;Sí;No;Hospital Público;No;;No;;Si;17;Amigos;No;No;No;No;;No;;No;Sí;No;No asisto;No;No;;Sí;Sí;Sí;Sí;No;Sí;Sí;3;Sí;Sí;Sí;Sí;No;
62;Paraguaya;21;Masculino;Procesada;No conozco;Soltera;Si;2;Capital;Fernando de la Mora;;Sí;Casa Familiar;Sí;Sí;Sí;Sí;Sí;11;4;Sí;Familiares;Sí;Sí;No;Si;Jopara;Educ. Escolar Básica 7º al 9º grado (Secundaria básica 1° al 3° curso);Ninguno;Sí;Oficios;No;No;Ocupada;Servicios comunales, sociales y personales;Trabajadora por cuenta propia;No;No;Menos de un SMLV;No;;;Sí;No;No;;Servicios comunales, sociales y personales;No responde;Sí;IPS;Sí;Sexual;Sí;Pensamiento suicida;Si;17;Amigos;No;No;No;No;;No;Pensamiento suicida;No;Sí;Si;No asisto;Sí;No;Diabetes;Sí;Sí;Sí;Sí;Sí;No;No;5;Sí;Sí;No;No;No;
63;Paraguaya;19;Prefiero no decirlo;Procesada;No conozco;Soltera;Si;1;Central;Lambare;;No;Casa Propia;Sí;No;Sí;No;Sí;12;6;Sí;Familiares;Sí;Sí;Sí;No;Español;Educación Inicial (Jardín y Preescolar);Ninguno;Sí;Grado Universitario;No;No;Subocupada visible;No responde;Trabajadora por cuenta propia;No;No;De un SMLV a 3 SMLV;No;;;;;;;Comercio, restaurantes y hoteles;Sí;No;Hospital Público;Sí;Física;Sí;Consumo de drogas, Pensamiento suicida, Otro;Si;12;Otros;Si;Sí;No;No;;No;;No;Sí;No;;No;No;Otro;Sí;Sí;Sí;Sí;Sí;Sí;Sí;6;Sí;Sí;Sí;No;No;
64;Paraguaya;36;Femenino;Procesada;No conozco;Soltera;Si;7;Central;Lambare;;No;Casa Propia;Sí;Sí;Sí;Sí;Sí;14;7;No;No recibo;No;Sí;Sí;Si;Jopara;Educ. Escolar Básica 7º al 9º grado (Secundaria básica 1° al 3° curso);Ninguno;Sí;Oficios;No;Sí;Ocupada;Servicios comunales, sociales y personales;Trabajadora doméstica;No;No;Menos de un SMLV;Sí;Cartonería;Menos de un SMLV;No;No;No;;Servicios comunales, sociales y personales;Sí;Sí;IPS;No;;No;;No;;;No;Sí;No;Sí;Física;No;;No;No;No;No asisto;No;No;Diabetes;Sí;Sí;Sí;Sí;No;No;No;6;Sí;Sí;Sí;Sí;No;
65;Paraguaya;24;Femenino;Procesada;No conozco;Soltera;Si;3;Central;Capiatá ;;No;Casa Propia;Sí;Sí;Sí;Sí;Sí;5;5;Sí;Familiares;Sí;Sí;Sí;Si;Jopara;Educ. Escolar Básica 7º al 9º grado (Secundaria básica 1° al 3° curso);Educ. Escolar Básica 7º al 9º grado (Secundaria básica 1° al 3° curso);Sí;Grado Universitario;No;Sí;Ocupada;Servicios comunales, sociales y personales;Trabajadora doméstica;No;No;Menos de un SMLV;No;;;;Utilizo la de un familiar o tercero;No;;Servicios comunales, sociales y personales;Sí;No;Hospital Público;Sí;Física;No;;Si;15;Pareja;Si;Sí;Sí;Sí;Física;No;;Sí;Sí;Si;Semanal;Sí;No;Diabetes;Sí;Sí;Sí;Sí;Sí;Sí;Sí;54;Sí;Sí;Sí;No;No;
66;Paraguaya;25;Femenino;Procesada;No conozco;Soltera;Si;4;Central;Limpio  ;;Sí;Casa Propia;No;No;Sí;;Sí;6;4;Sí;Pareja;Sí;Sí;No;Si;Jopara;Educ. Escolar Básica 7º al 9º grado (Secundaria básica 1° al 3° curso);Ninguno;Sí;Oficios;No;Sí;Ocupada;Servicios comunales, sociales y personales;Empleada / obrera privada;Sí;No;Menos de un SMLV;No;;;;No;;;Servicios comunales, sociales y personales;Sí;Sí;Hospital Público;Sí;Física;No;;Si;34;Pareja;No;Sí;No;No;;No;;No;Sí;No;No asisto;No;No;Diabetes;Sí;Sí;No;Sí;Sí;Sí;Sí;6;Sí;Sí;No;No;No;
67;Paraguaya;30;Femenino;Procesada;No conozco;Soltera;Si;2;Capital;Asunción;Cruz roja ;Sí;Casa Familiar;Sí;Sí;Sí;No;No;2;1;No;No recibo;No;Sí;No;Si;Jopara;Educ. Escolar Básica 1º al 6º grado (Primaria);Educ. Escolar Básica 1º al 6º grado (Primaria);Sí;Tecnicaturas;No;No;Ocupada;Servicios comunales, sociales y personales;Empleada / obrera privada;No;No;Menos de un SMLV;No;;;No;No;No;;Servicios comunales, sociales y personales;Sí;No;Ninguno;Sí;Física, Psicológica;No;;Si;26;Pareja;No;No;No;No;;No;;No;No;No;No asisto;No;No;Cáncer;No;No;No;No;Sí;No;No;25;Sí;Sí;No;No;No;
68;Paraguaya;34;Masculino;Condenada;1 - 5 años;Soltera;No;0;Concepción;Vallemi;;Sí;Casa Familiar;Sí;Sí;Sí;Sí;Sí;4;2;Sí;Familiares;No;No;Sí;Si;Español;Educ. Escolar Básica 7º al 9º grado (Secundaria básica 1° al 3° curso);Educ. Escolar Básica 7º al 9º grado (Secundaria básica 1° al 3° curso);No;;Sí;Sí;Ocupada;Transporte, almacenamiento y comunicaciones;Empleada / obrera privada;No;No;De un SMLV a 3 SMLV;No;;;;Utilizo la de un familiar o tercero;No;;Transporte, almacenamiento y comunicaciones;Sí;Sí;IPS;Sí;Física, Sexual, Psicológica;Sí;Cambios de humor constantes, Sentimientos de culpa, Poca energía, cansancio importante, Problemas de relacionamiento, Problemas de sueño (Insomnio), Consumo de drogas, Exceso de enojo, hostilidad y violencia, Pensamiento suicida;Si;12;Familiar;Si;Sí;No;No;;Si;Sentimientos de tristeza, Problemas de sueño (Insomnio);Sí;Sí;Si;Semanal;No;No;Diabetes;Sí;Sí;No;Sí;Sí;No;Sí;4;Sí;Sí;Sí;No;No;
69;Paraguaya;24;Femenino;Procesada;No conozco;Soltera;Si;3;Central;Capiatá ;;Sí;Casa Propia;Sí;Sí;Sí;Sí;Sí;5;5;Sí;Pareja;Sí;Sí;Sí;Si;Jopara;Educ. Escolar Media del 1° al 3° curso (Bachillerato de 4° a 6° curso);Educ. Escolar Básica 7º al 9º grado (Secundaria básica 1° al 3° curso);Sí;Tecnicaturas;No;Sí;Ocupada;Servicios comunales, sociales y personales;Trabajadora doméstica;No;No;Menos de un SMLV;Sí;Comercio y servicios;Menos de un SMLV;Sí;Sí;No;Giros a billetera electrónica;No responde;Sí;No;Hospital Público;No;;No;Otro;Si;15;Pareja;Si;Sí;Sí;No;;No;Otro;Sí;Sí;Si;Semanal;Sí;No;Diabetes;Sí;Sí;Sí;Sí;Sí;Sí;Sí;54;Sí;Sí;Sí;No;No;
70;Paraguaya;21;Femenino;Procesada;1 - 5 años;Soltera;Si;2;Caazapá;No sabe ;;Sí;Casa Alquilada;Sí;No;Sí;Sí;Sí;2;1;Sí;Pareja;No;No;Sí;Si;Jopara;Educ. Escolar Básica 7º al 9º grado (Secundaria básica 1° al 3° curso);;Sí;Tecnicaturas;No;No;Inactiva;No responde;No responde;No;No;;No;;;No;No;No;;No responde;No;No;Hospital Público;Sí;Física, Sexual, Psicológica;Sí;Exceso de enojo, hostilidad y violencia;Si;15;Amigos;No;No;Sí;No;;Si;Cambios de humor constantes;No;Sí;No;;No;No;Cáncer;Sí;No;No;No;No;Sí;Sí;3;Sí;Sí;Sí;No;No;
71;Paraguaya;23;Femenino;Condenada;5 - 15 años;Soltera;No;;Alto Paraná;Ciudad del Este;;No;Casa Propia;Sí;Sí;Sí;No;Sí;2;2;No;No recibo;No;Sí;Sí;Si;Guaraní;Educ. Escolar Básica 1º al 6º grado (Primaria);Ninguno;Sí;Oficios;;No;Ocupada;Servicios comunales, sociales y personales;Trabajadora doméstica;Sí;No;Menos de un SMLV;No;;;;No;No;;Servicios comunales, sociales y personales;Sí;Sí;Hospital Público;Sí;Psicológica;;Problemas de relacionamiento, Problemas de sueño (Insomnio), Consumo de drogas, Cambios en los hábitos alimentarios, Otro;Si;14;Otros;Si;Sí;Sí;No;;Si;Sentimientos de culpa, Problemas de relacionamiento, Problemas de sueño (Insomnio), Cambios en los hábitos alimentarios;Sí;Sí;Si;Mensual;No;No;;Sí;Sí;No;Sí;Sí;No;Sí;60;Sí;Sí;Sí;No;Sí;Si
72;Paraguaya;46;Femenino;Procesada;No conozco;Casada;Si;1;Central;Fernando de la Mora;;No;Casa Familiar;Sí;Sí;Sí;Sí;Sí;5;5;Sí;Pareja;No;Sí;Sí;Si;Español;Universitario;Universitario;No;;Sí;Sí;Ocupada;Servicios comunales, sociales y personales;Trabajadora por cuenta propia;Sí;No;De un SMLV a 3 SMLV;Sí;Limpieza;Menos de un SMLV;Sí;No;No;;Servicios comunales, sociales y personales;Sí;Sí;Hospital Privado;No;;No;;Si;30;Pareja;No;No;No;Sí;Psicológica;Si;Cambios de humor constantes;No;Sí;No;;No;No;;Sí;No;Sí;Sí;No;Sí;Sí;7;Sí;Sí;Sí;No;No;
73;Paraguaya;20;Femenino;Procesada;5 - 15 años;Soltera;No;;Presidente Hayes;Villa Hayes;;No;Casa Propia;Sí;No;Sí;No;Sí;3;4;Sí;Familiares;No;Sí;No;Si;Jopara;Educ. Escolar Básica 7º al 9º grado (Secundaria básica 1° al 3° curso);Educ. Escolar Básica 7º al 9º grado (Secundaria básica 1° al 3° curso);No;Cursos básicos para habilidades blandas;No;No;Ocupada;Servicios comunales, sociales y personales;Trabajadora doméstica;No;No;Menos de un SMLV;Sí;Cartonería;Menos de un SMLV;Sí;No;No;;No responde;Sí;No;Ninguno;No;;Sí;Sentimientos de tristeza;Si;13;Amigos;No;Sí;No;No;;Si;Baja capacidad de concentración, Sentimientos de tristeza, Cambios en el deseo sexual;No;No;No;No asisto;Sí;No;Otro;Sí;Sí;Sí;Sí;Sí;Sí;No;27;Sí;Sí;Sí;Sí;No;No
74;Paraguaya;29;Femenino;Procesada;No conozco;Soltera;Si;1;Capital;Asunción;Trinidad ;Sí;Casa Propia;Sí;Sí;Sí;Sí;Sí;4;3;No;No recibo;No;Sí;Sí;Si;Jopara;Educ. Escolar Básica 1º al 6º grado (Primaria);Educ. Escolar Básica 7º al 9º grado (Secundaria básica 1° al 3° curso);Sí;Oficios;No;Sí;Ocupada;Comercio, restaurantes y hoteles;Empleada / obrera privada;Sí;No;Menos de un SMLV;Sí;Limpieza;Menos de un SMLV;Sí;No;No;;Servicios comunales, sociales y personales;Sí;Sí;IPS;Sí;Sexual;Sí;Baja capacidad de concentración, Problemas de sueño (Insomnio), Consumo de drogas, Pensamiento suicida;Si;12;Familiar;No;Sí;No;No;;No;;Sí;No;Si;Quincenal;No;No;Cáncer;Sí;No;Sí;;Sí;Sí;No;4;Sí;Sí;Sí;No;No;
75;Paraguaya;47;Femenino;Procesada;No conozco;Viuda;Si;10;Capital;Asunción;Sajonia;Sí;Casa Propia;Sí;No;Sí;No;No;9;3;Sí;Familiares;Sí;Sí;Sí;Si;Español;Educ. Escolar Básica 7º al 9º grado (Secundaria básica 1° al 3° curso);Educ. Escolar Media del 1° al 3° curso (Bachillerato de 4° a 6° curso);Sí;Oficios;No;Sí;Ocupada;Servicios comunales, sociales y personales;Empleada / obrera privada;No;No;Menos de un SMLV;Sí;Comercio y servicios;Menos de un SMLV;Sí;No;No;Otro;Comercio, restaurantes y hoteles;Sí;No;Hospital Público;Sí;Física, Psicológica;Sí;Otro;Si;40;Familiar;No;Sí;No;Sí;Psicológica;No;Otro;Sí;Sí;Si;Quincenal;Sí;No;Hipertensión (Cardiaca);Sí;;No;Sí;Sí;No;No;4;Sí;Sí;Sí;Sí;No;
76;Paraguaya;31;Femenino;Procesada;No conozco;Soltera;Si;6;Central;Asunción;Fernando de la Mora ;Sí;Casa Alquilada;Sí;Sí;Sí;No;Sí;4;1;No;;No;Sí;No;Si;Jopara;Educ. Escolar Básica 7º al 9º grado (Secundaria básica 1° al 3° curso);Educ. Escolar Básica 7º al 9º grado (Secundaria básica 1° al 3° curso);Sí;Grado Universitario;Sí;Sí;Ocupada;Comercio, restaurantes y hoteles;Trabajadora por cuenta propia;No;No;De un SMLV a 3 SMLV;Sí;Limpieza;Menos de un SMLV;No;No;No;;Comercio, restaurantes y hoteles;Sí;No;Hospital Público;Sí;Física, Psicológica;Sí;Cambios de humor constantes, Sentimientos de culpa, Sentimientos de tristeza, Consumo de drogas;Si;30;Pareja;Si;Sí;Sí;Sí;Física, Psicológica;Si;Problemas de sueño (Insomnio), Consumo de drogas;Sí;No;No;;Sí;No;Otro;No;Sí;Sí;No;Sí;No;No;39;Sí;Sí;No;No;No;No
77;Paraguaya;38;Femenino;Procesada;1 - 5 años;Divorciada;Si;5;Caaguazú;Juan M Frutos, Pastoreo;;Sí;Casa Alquilada;Sí;Sí;Sí;Sí;Sí;4;4;Sí;Familiares;Sí;Sí;No;Si;Español;Educ. Escolar Básica 1º al 6º grado (Primaria);Ninguno;Sí;Cursos básicos para habilidades blandas;No;Sí;Ocupada;Servicios comunales, sociales y personales;Trabajadora doméstica;No;No;Menos de un SMLV;Sí;Comercio y servicios;Menos de un SMLV;No;No;No;Otro;Servicios comunales, sociales y personales;Sí;No;Hospital Público;Sí;Física, Sexual, Psicológica;Sí;Sentimientos de tristeza, Problemas de sueño (Insomnio);No;;Otros;No;Sí;Sí;Sí;Psicológica;Si;Otro;Sí;No;Si;Quincenal;;No;Diabetes;Sí;Sí;Sí;Sí;Sí;Sí;No;3;Sí;Sí;Sí;No;No;
78;Paraguaya;37;Femenino;Procesada;No conozco;Casada;Si;2;Central;San Antonio  ;;No;Casa Familiar;Sí;Sí;Sí;Sí;Sí;4;2;Sí;Pareja;No;Sí;Sí;Si;Español;Educ. Escolar Básica 7º al 9º grado (Secundaria básica 1° al 3° curso);Educ. Escolar Media del 1° al 3° curso (Bachillerato de 4° a 6° curso);Sí;Grado Universitario;No;No;Ocupada;Servicios comunales, sociales y personales;Trabajadora doméstica;Sí;No;Menos de un SMLV;Sí;Limpieza;Menos de un SMLV;Sí;No;No;;Servicios comunales, sociales y personales;Sí;Sí;Hospital Público;Sí;Sexual;No;;Si;25;Familiar;No;Sí;No;No;;No;;No;Sí;No;No asisto;No;;Diabetes;Sí;Sí;Sí;Sí;Sí;Sí;Sí;6;Sí;Sí;Sí;Sí;No;
79;Paraguaya;20;Femenino;Condenada;1 - 5 años;Soltera;Si;3;Central;Capiatá ;;Sí;Casa Propia;Sí;Sí;Sí;Sí;Sí;6;6;Sí;Familiares;No;No;Sí;Si;Español;Educ. Escolar Básica 7º al 9º grado (Secundaria básica 1° al 3° curso);Ninguno;No;Oficios;No;No;Ocupada;Servicios comunales, sociales y personales;Trabajadora por cuenta propia;No;No;De un SMLV a 3 SMLV;Sí;Costura;Menos de un SMLV;Sí;;Sí;Efectivo;Industrias manufactureras;Sí;No;Hospital Público;No;;No;;No;;;;Sí;No;No;;No;;No;Sí;Si;No asisto;No;;;Sí;Sí;Sí;Sí;No;Sí;No;4;Sí;Sí;Sí;Sí;No;
80;Paraguaya;27;Femenino;Procesada;No conozco;Soltera;Si;3;Capital;Central;San Lorenzo ;No;Casa Propia;Sí;Sí;Sí;Sí;Sí;8;3;Sí;Amistades;No;No;No;Si;Jopara;Educ. Escolar Básica 7º al 9º grado (Secundaria básica 1° al 3° curso);;Sí;Cursos básicos para habilidades blandas;No;Sí;Desocupada;;;No;No;;Sí;Limpieza;Menos de un SMLV;Sí;No;No;;Comercio, restaurantes y hoteles;Sí;No;Hospital Público;Sí;Física;Sí;Sentimientos de culpa, Sentimientos de tristeza, Problemas de sueño (Insomnio), Consumo de drogas;Si;15;Amigos;Si;No;Sí;No;;Si;Sentimientos de culpa, Problemas de sueño (Insomnio);No;No;No;No asisto;No;No;Otro;Sí;Sí;No;Sí;Sí;Sí;No;3;Sí;Sí;Sí;No;No;No
81;Paraguaya;23;Femenino;Condenada;5 - 15 años;Soltera;Si;2;Capital;Asunción;Ricardo Brugada;Sí;Casa Familiar;Sí;No;Sí;No;Sí;10;1;Sí;Familiares;No;Sí;Sí;Si;Español;Educ. Escolar Básica 7º al 9º grado (Secundaria básica 1° al 3° curso);Educ. Escolar Básica 7º al 9º grado (Secundaria básica 1° al 3° curso);Sí;Tecnicaturas;No;Sí;Ocupada;Comercio, restaurantes y hoteles;Empleada / obrera privada;Sí;No;Menos de un SMLV;No;Otros;Menos de un SMLV;A veces;No;No;Otro;Servicios comunales, sociales y personales;Sí;Sí;Hospital Público;Sí;Sexual, Psicológica;No;Otro;No;N/a;Otros;No;No;No;Sí;Psicológica;No;Otro;No;Sí;No;No asisto;No;No;Otro;Sí;Sí;Sí;Sí;Sí;Sí;Sí;4;Sí;Sí;No;No;No;No
82;Paraguaya;34;Femenino;Condenada;1 - 5 años;Casada;Si;3;Central;Fernando de la Mora;;Sí;Casa Alquilada;Sí;Sí;Sí;No;Sí;5;4;No;Amistades;No;Sí;Sí;Si;Español;Educ. Escolar Media del 1° al 3° curso (Bachillerato de 4° a 6° curso);;No;;Sí;Sí;Ocupada;Servicios comunales, sociales y personales;Trabajadora por cuenta propia;No;No;De un SMLV a 3 SMLV;Sí;Cocina;Menos de un SMLV;Sí;No;No;;Servicios comunales, sociales y personales;Sí;No;Hospital Público;No;;Sí;Sentimientos de tristeza;Si;33;Otros;No;No;No;No;;No;;No;Sí;No;;No;No;Hipertensión (Cardiaca);Sí;No;Sí;Sí;Sí;Sí;Sí;5;Sí;Sí;Sí;No;No;
83;Paraguaya;25;Femenino;Procesada;No conozco;Soltera;Si;1;Central;Luque ;;No;Casa Propia;Sí;Sí;Sí;No;No;5;2;No;;No;Sí;No;Si;Español;Educ. Escolar Media del 1° al 3° curso (Bachillerato de 4° a 6° curso);;Sí;Cursos básicos para habilidades blandas;No;No;Desocupada;;;No;;;No;;;;;;;Servicios comunales, sociales y personales;Sí;No;Hospital Público;;;Sí;Consumo de drogas;Si;18;Otros;Si;Sí;No;No;;No;;No;No;No;;No;No;Hipertensión (Cardiaca);Sí;Sí;No;No;Sí;No;Sí;50;No;Sí;No;;No;
84;Paraguaya;43;Femenino;Procesada;No conozco;Soltera;Si;10;Capital;Asunción;Trinidad ;Sí;Casa Familiar;Sí;Sí;Sí;No;Sí;4;3;Sí;Familiares;Sí;No;Sí;Si;Guaraní;Educ. Escolar Básica 1º al 6º grado (Primaria);Ninguno;Sí;Oficios;No;Sí;Ocupada;No responde;Empleada / obrera privada;No;No;De un SMLV a 3 SMLV;Sí;Cocina;Menos de un SMLV;Sí;No;Sí;Efectivo;Comercio, restaurantes y hoteles;Sí;No;Hospital Público;No;;No;;No;;;No;No;No;No;;No;;No;Sí;No;No asisto;No;No;Diabetes;No;Sí;No;Sí;Sí;Sí;Sí;27;Sí;Sí;No;No;No;
85;Paraguaya;38;Femenino;Condenada;1 - 5 años;Soltera;Si;4;San Pedro;Santani;;Sí;Casa Propia;Sí;No;Sí;No;No;9;3;Sí;Familiares;No;No;Sí;Si;Jopara;Educ. Escolar Básica 1º al 6º grado (Primaria);Educ. Escolar Media del 1° al 3° curso (Bachillerato de 4° a 6° curso);Sí;Oficios;No;No;Ocupada;Comercio, restaurantes y hoteles;Trabajadora por cuenta propia;No;No;De un SMLV a 3 SMLV;Sí;Costura;Menos de un SMLV;Sí;No;Sí;Efectivo;Servicios comunales, sociales y personales;Sí;No;Hospital Público;Sí;Física, Sexual, Psicológica;No;;Si;11;Amigos;No;No;No;Sí;Psicológica;Si;Problemas de relacionamiento, Sentimientos de tristeza, Exceso de enojo, hostilidad y violencia;Sí;Sí;Si;Quincenal;No;No;Otro;Sí;Sí;Sí;No;Sí;No;Sí;4;Sí;Sí;Sí;Sí;No;
86;Paraguaya;23;Femenino;Procesada;No conozco;Soltera;Si;1;;Ypane;;Sí;Casa Propia;Sí;Sí;Sí;Sí;Sí;4;2;Sí;Familiares;No;Sí;Sí;No;Guaraní;Educ. Escolar Básica 1º al 6º grado (Primaria);Educ. Escolar Básica 1º al 6º grado (Primaria);Sí;Oficios;No;No;Inactiva;;;No;No;;Sí;Limpieza;Menos de un SMLV;Sí;No;A veces;Otro;Comercio, restaurantes y hoteles;Sí;No;Ninguno;Sí;Física;Sí;Problemas de relacionamiento, Sentimientos de tristeza, Consumo de drogas;Si;14;Amigos;No;No;No;No;;Si;Sentimientos de tristeza, Otro;No;Sí;No;;No;Sí;;Sí;Sí;Sí;Sí;Sí;No;Sí;50;Sí;Sí;Sí;No;Sí;No
87;Paraguaya;23;Femenino;Procesada;No conozco;Soltera;No;;Central;Limpio ;Santa Librada;No;Casa Propia;;;;;No;3;1;No;No recibo;No;Sí;No;No;Jopara;Ninguno;Educ. Escolar Básica 1º al 6º grado (Primaria);Sí;Cursos básicos para habilidades blandas;No;No;Subocupada visible;Servicios comunales, sociales y personales;No responde;No;No;Menos de un SMLV;No;Otros;Menos de un SMLV;No;No;No;Otro;No responde;;No;Hospital Público;Sí;Física;Sí;Baja capacidad de concentración, Sentimientos de culpa, Problemas de sueño (Insomnio);No;;;No;No;;No;;Si;Baja capacidad de concentración, Sentimientos de culpa, Otro;No;Sí;Si;Mensual;No;No;Otro;Sí;Sí;Sí;No;Sí;Sí;No;4;Sí;Sí;No;No;No;No
88;Argentina;47;Femenino;Procesada;No conozco;Soltera;Si;3;Extranjera;Buenos Aires;;Sí;Casa Propia;Sí;Sí;Sí;Sí;Sí;7;3;No;No recibo;Sí;Sí;Sí;Si;Español;Educ. Escolar Básica 1º al 6º grado (Primaria);Ninguno;Sí;Oficios;Sí;Sí;Subocupada visible;Comercio, restaurantes y hoteles;Trabajadora por cuenta propia;No;No;Menos de un SMLV;Sí;Costura;Menos de un SMLV;Sí;No;Sí;Giros a billetera electrónica;Servicios comunales, sociales y personales;Sí;No;Hospital Público;Sí;Física, Sexual, Psicológica;Sí;Cambios de humor constantes, Baja capacidad de concentración, Problemas de relacionamiento, Problemas de sueño (Insomnio);No;;;;;No;No;;No;;No;Sí;No;;No;No;Diabetes;Sí;Sí;Sí;Sí;No;Sí;No;5;Sí;Sí;Sí;Sí;No;
89;Paraguaya;49;Femenino;Procesada;No conozco;Divorciada;No;;Capital;Lambare;Cañada ;Sí;Casa Familiar;Sí;Sí;Sí;Sí;Sí;2;4;No;No recibo;No;Sí;No;Si;Español;Educ. Escolar Media del 1° al 3° curso (Bachillerato de 4° a 6° curso);Ninguno;Sí;Oficios;No;No;Ocupada;Servicios comunales, sociales y personales;Trabajadora por cuenta propia;Sí;No;Menos de un SMLV;No;;;;No;No;;Servicios comunales, sociales y personales;Sí;No;Hospital Público;No;;Sí;Cambios de humor constantes, Poca energía, cansancio importante, Sentimientos de tristeza, Problemas de sueño (Insomnio), Exceso de enojo, hostilidad y violencia;No;;;;Sí;Sí;No;;Si;Cambios de humor constantes, Poca energía, cansancio importante, Sentimientos de tristeza, Problemas de sueño (Insomnio), Exceso de enojo, hostilidad y violencia;Sí;Sí;Si;Semanal;No;;Diabetes;Sí;Sí;Sí;Sí;Sí;No;No;5;No;No;No;No;No;
90;Paraguaya;43;Femenino;Condenada;5 - 15 años;Soltera;Si;4;Paraguarí;Caapucu;;No;Casa Propia;Sí;Sí;Sí;Sí;Sí;6;3;No;No recibo;No;Sí;Sí;Si;Jopara;Superior No Universitario (Formación/Profesionalización Docente, Formación Militar/Policial, otros);Superior No Universitario (Formación/Profesionalización Docente, Formación Militar/Policial, otros);Sí;Oficios;No;No;Ocupada;Servicios comunales, sociales y personales;Trabajadora por cuenta propia;No;No;Menos de un SMLV;Sí;Limpieza;Menos de un SMLV;Sí;No;A veces;Efectivo;Servicios comunales, sociales y personales;Sí;No;Hospital Público;Sí;Psicológica;No;;No;;;No;No;No;No;;No;;No;Sí;Si;Quincenal;No;No;;Sí;Sí;Sí;Sí;Sí;Sí;Sí;5;Sí;Sí;Sí;Sí;No;
91;Paraguaya;25;Masculino;Condenada;1 - 5 años;Soltera;Si;1;Central;Fernando de la Mora;;Sí;Casa Alquilada;Sí;Sí;Sí;No;Sí;3;2;Sí;Familiares;No;Sí;Sí;Si;Español;Educ. Escolar Básica 7º al 9º grado (Secundaria básica 1° al 3° curso);Ninguno;Sí;Oficios;No;No;Desocupada;No responde;No responde;No;No;Menos de un SMLV;Sí;Comercio y servicios;Menos de un SMLV;A veces;No;Sí;Efectivo;Comercio, restaurantes y hoteles;Sí;No;Hospital Público;Sí;Física;No;Otro;No;;;No;No;Sí;Sí;Física;Si;Poca energía, cansancio importante, Sentimientos de tristeza, Problemas de sueño (Insomnio);No;Sí;Si;Semanal;No;No;Otro;Sí;Sí;Sí;Sí;Sí;Sí;Sí;60;Sí;Sí;No;No;No;No
92;Paraguaya;23;Femenino;Procesada;No conozco;Soltera;No;;Capital;Asunción;Ricardo Brugada;No;Casa Alquilada;Sí;Sí;Sí;Sí;Sí;2;1;Sí;Familiares;No;Sí;No;Si;Español;Educ. Escolar Básica 7º al 9º grado (Secundaria básica 1° al 3° curso);;Sí;Oficios;No;Sí;Ocupada;Servicios comunales, sociales y personales;Trabajadora doméstica;No;No;Menos de un SMLV;No;;;;No;No;;Comercio, restaurantes y hoteles;Sí;No;Hospital Público;No;;No;;Si;19;Amigos;No;No;No;No;;No;;No;Sí;No;;;No;Diabetes;No;Sí;No;No;Sí;No;No;6;Sí;Sí;Sí;Sí;No;
93;Paraguaya;20;Femenino;Procesada;No conozco;Soltera;Si;1;Central;Itagua;;No;Casa Propia;Sí;Sí;Sí;No;Sí;5;4;Sí;Familiares;Sí;Sí;Sí;Si;Español;Educ. Escolar Básica 7º al 9º grado (Secundaria básica 1° al 3° curso);Ninguno;Sí;Oficios;No;No;Ocupada;Servicios comunales, sociales y personales;Trabajadora por cuenta propia;No;No;Más de 3 SMLV;No;;;;No;No;;Servicios comunales, sociales y personales;Sí;No;Hospital Público;No;;No;;No;;;;No;No;No;;No;;No;Sí;No;;No;;;Sí;Sí;No;No;Sí;Sí;Sí;25;Sí;Sí;No;;No;
94;Argentina;41;Femenino;Procesada;No conozco;Soltera;Si;5;Extranjera;Buenos Aires;;Sí;Casa Familiar;Sí;Sí;Sí;No;Sí;10;4;No;No recibo;No;Sí;No;Si;Español;Educ. Escolar Básica 7º al 9º grado (Secundaria básica 1° al 3° curso);Educ. Escolar Básica 7º al 9º grado (Secundaria básica 1° al 3° curso);Sí;Cursos básicos para habilidades blandas;No;No;Desocupada;No responde;No responde;Sí;No;De un SMLV a 3 SMLV;No;Otros;Menos de un SMLV;No;No;No;Otro;Comercio, restaurantes y hoteles;Sí;No;Hospital Público;Sí;Física;Sí;Problemas de sueño (Insomnio), Otro;Si;16;Amigos;Si;No;No;No;;Si;Problemas de sueño (Insomnio), Otro;No;Sí;Si;Semanal;No;No;Diabetes;Sí;Sí;No;No;Sí;No;No;60;Sí;Sí;No;No;No;
95;Paraguaya;31;Femenino;Condenada;1 - 5 años;Casada;Si;4;San Pedro;Gral Resquin;Gral Resquin ;No;Casa Alquilada;Sí;Sí;Sí;Sí;Sí;3;3;Sí;Pareja;Sí;Sí;Sí;Si;Jopara;Educ. Escolar Básica 7º al 9º grado (Secundaria básica 1° al 3° curso);Ninguno;No;Grado Universitario;No;Sí;Subocupada visible;Comercio, restaurantes y hoteles;Trabajadora por cuenta propia;Sí;No;De un SMLV a 3 SMLV;No;;;;No;No;;Comercio, restaurantes y hoteles;Sí;No;Hospital Público;Sí;Física, Sexual, Psicológica;Sí;Cambios de humor constantes, Sentimientos de tristeza;No;;;;No;No;Sí;Psicológica;Si;Cambios de humor constantes, Poca energía, cansancio importante, Sentimientos de tristeza, Problemas de sueño (Insomnio);No;No;Si;;Sí;Sí;Cáncer;Sí;Sí;Sí;Sí;Sí;No;No;50;Sí;Sí;Sí;No;No;
96;Paraguaya;18;Femenino;Procesada;No conozco;Soltera;No;;Capital;Asunción;San Vicente;No;Casa Familiar;Sí;Sí;Sí;No;Sí;8;3;No;;No;No;Sí;No;Jopara;Educ. Escolar Básica 7º al 9º grado (Secundaria básica 1° al 3° curso);Educ. Escolar Básica 7º al 9º grado (Secundaria básica 1° al 3° curso);Sí;Tecnicaturas;No;No;Subocupada visible;Servicios comunales, sociales y personales;Trabajadora por cuenta propia;No;No;Menos de un SMLV;Sí;Costura;Menos de un SMLV;Sí;Sí;No;;Servicios comunales, sociales y personales;Sí;No;IPS;No;;;Cambios de humor constantes, Consumo de drogas;Si;15;Amigos;No;No;No;No;;;Exceso de enojo, hostilidad y violencia, Cambios en el deseo sexual;No;Sí;Si;Mensual;No;No;;Sí;Sí;Sí;Sí;Sí;No;Sí;53;Sí;Sí;No;;No;
97;Paraguaya;58;Femenino;Procesada;No conozco;Viuda;Si;5;San Pedro;San Pedro ;;Sí;Casa Alquilada;No;Sí;Sí;No;Sí;4;3;Sí;Familiares;Sí;Sí;Sí;Si;Español;Educ. Escolar Básica 7º al 9º grado (Secundaria básica 1° al 3° curso);Ninguno;No;Oficios;Sí;No;Ocupada;Servicios comunales, sociales y personales;Trabajadora por cuenta propia;Sí;No;Menos de un SMLV;No;;;;Sí;Sí;Efectivo;Servicios comunales, sociales y personales;Sí;Sí;IPS;No;;No;;No;;;No;No;No;No;;No;;No;No;Si;Semanal;No;No;Hipertensión (Cardiaca);Sí;Sí;Sí;Sí;No;Sí;Sí;6;Sí;Sí;Sí;Sí;No;
98;Paraguaya;25;Femenino;Condenada;1 - 5 años;Soltera;Si;1;Capital;Asunción;Villa elisa;Sí;Casa Familiar;Sí;Sí;Sí;Sí;Sí;30;10;Sí;Familiares;Sí;No;No;Si;Español;Educ. Escolar Básica 7º al 9º grado (Secundaria básica 1° al 3° curso);Educ. Escolar Media del 1° al 3° curso (Bachillerato de 4° a 6° curso);Sí;Oficios;No;No;Ocupada;Comercio, restaurantes y hoteles;Trabajadora por cuenta propia;No;No;De un SMLV a 3 SMLV;No;;;;No;No;Otro;Comercio, restaurantes y hoteles;No;No;Hospital Público;No;;No;;Si;12;Amigos;Si;Sí;Sí;No;;No;;No;Sí;Si;Mensual;No;No;Diabetes;Sí;Sí;Sí;Sí;Sí;Sí;Sí;27;Sí;Sí;Sí;Sí;No;
99;Paraguaya;21;Femenino;Condenada;5 - 15 años;Soltera;Si;1;Itapúa;Encarnación;;No;Casa Alquilada;Sí;Sí;Sí;No;Sí;2;2;No;No recibo;No;No;No;Si;Jopara;Educ. Escolar Media del 1° al 3° curso (Bachillerato de 4° a 6° curso);Ninguno;No;Cursos básicos para habilidades blandas;No;Sí;No responde;No responde;No responde;No;No;Menos de un SMLV;No;Otros;;No;No;No;Otro;Industrias manufactureras;No responde;No;Hospital Público;;Psicológica;Sí;Problemas de sueño (Insomnio), Otro;Si;13;Amigos;No;No;Sí;No;;;Cambios de humor constantes;Sí;Sí;No;No asisto;Sí;No;Diabetes;Sí;Sí;Sí;Sí;Sí;No;Sí;50;Sí;Sí;Sí;No;No;
100;Paraguaya;44;Femenino;Condenada;5 - 15 años;Casada;Si;6;Capital;Asunción;Roberto L.Pettit ;No;Casa Propia;Sí;Sí;Sí;No;Sí;5;1;Sí;Familiares;Sí;Sí;Sí;Si;Jopara;Ninguno;Educ. Escolar Básica 7º al 9º grado (Secundaria básica 1° al 3° curso);Sí;Tecnicaturas;No;No;Desocupada;;;No;No;;Sí;Comercio y servicios;Menos de un SMLV;A veces;No;No;;Comercio, restaurantes y hoteles;Sí;Sí;IPS;No;;No;;Si;30;Amigos;No;No;Sí;No;;No;;Sí;No;Si;Quincenal;No;No;Diabetes;Sí;Sí;Sí;Sí;Sí;No;Sí;0;Sí;Sí;Sí;Sí;No;
101;Paraguaya;65;Femenino;Procesada;No conozco;Soltera;Si;4;Concepción;Concepción;;Sí;Casa Propia;Sí;Sí;Sí;No;Sí;4;3;No;;No;Sí;Sí;Si;Jopara;Educ. Escolar Básica 1º al 6º grado (Primaria);;Sí;;No;No;Ocupada;Comercio, restaurantes y hoteles;Empleada / obrera privada;Sí;No;De un SMLV a 3 SMLV;No;;;;No;;;Comercio, restaurantes y hoteles;No responde;No;Hospital Público;No;;;;Si;35;Amigos;;No;No;No;;No;;No;Sí;Si;Mensual;No;;Hipertensión (Cardiaca);Sí;Sí;Sí;Sí;Sí;No;Sí;4;Sí;Sí;No;No;No;
102;Paraguaya;31;Femenino;Procesada;No conozco;Soltera;Si;2;Capital;Asunción;Trinidad ;Sí;Casa Alquilada;Sí;Sí;Sí;No;Sí;1;1;Sí;Familiares;No;No;Sí;Si;Guaraní;Universitario;;Sí;Grado Universitario;No;No;Ocupada;Servicios comunales, sociales y personales;Trabajadora doméstica;;Sí;De un SMLV a 3 SMLV;Sí;Cocina;Menos de un SMLV;Sí;No;No;;Comercio, restaurantes y hoteles;Sí;No;Hospital Público;No;;No;;Si;14;Otros;No;No;No;No;;Si;Sentimientos de tristeza;No;Sí;;;Sí;No;Hipertensión (Cardiaca);Sí;Sí;Sí;Sí;Sí;No;Sí;4;Sí;Sí;No;No;No;
